id	desc	pval	common_size	target_size
GO:0008652	cellular amino acid biosynthetic process	1.43e-85	102	139
GO:0051301	cell division	2.71e-69	74	88
GO:0007049	cell cycle	2.71e-69	74	88
GO:0046394	carboxylic acid biosynthetic process	1.10e-62	102	198
GO:0006865	amino acid transport	1.50e-62	71	90
GO:0016053	organic acid biosynthetic process	2.13e-62	102	199
GO:1901607	alpha-amino acid biosynthetic process	1.45e-60	76	108
GO:1901566	organonitrogen compound biosynthetic process	2.29e-55	149	498
GO:0006520	cellular amino acid metabolic process	8.00e-54	106	253
GO:0008360	regulation of cell shape	1.01e-52	48	49
GO:0022604	regulation of cell morphogenesis	1.01e-52	48	49
GO:0022603	regulation of anatomical structure morphogenesis	1.01e-52	48	49
GO:0050793	regulation of developmental process	1.01e-52	48	49
GO:0015849	organic acid transport	1.77e-48	71	120
GO:0044283	small molecule biosynthetic process	7.73e-44	104	297
GO:1901605	alpha-amino acid metabolic process	4.38e-40	79	185
GO:0044249	cellular biosynthetic process	6.70e-40	175	859
GO:0009252	peptidoglycan biosynthetic process	1.55e-39	41	47
GO:0006024	glycosaminoglycan biosynthetic process	1.55e-39	41	47
GO:0006023	aminoglycan biosynthetic process	1.55e-39	41	47
GO:0009273	peptidoglycan-based cell wall biogenesis	4.85e-39	42	50
GO:1901576	organic substance biosynthetic process	1.08e-38	175	875
GO:0044038	cell wall macromolecule biosynthetic process	5.61e-38	41	49
GO:0070589	cellular component macromolecule biosynthetic process	5.61e-38	41	49
GO:0042546	cell wall biogenesis	1.23e-37	42	52
GO:0009058	biosynthetic process	1.60e-37	175	891
GO:0015171	amino acid transmembrane transporter activity	3.25e-36	43	57
GO:0004386	helicase activity	6.31e-34	30	30
GO:0008150	biological_process	8.23e-34	340	3188
GO:0044036	cell wall macromolecule metabolic process	4.00e-33	41	57
GO:0032153	cell division site	1.83e-30	31	35
GO:0009067	aspartate family amino acid biosynthetic process	1.22e-29	31	36
GO:0071705	nitrogen compound transport	3.92e-29	79	250
GO:0000270	peptidoglycan metabolic process	1.39e-27	42	74
GO:0030203	glycosaminoglycan metabolic process	1.39e-27	42	74
GO:0009987	cellular process	1.59e-27	301	2603
GO:0006022	aminoglycan metabolic process	6.07e-27	42	76
GO:0000910	cytokinesis	1.69e-26	30	38
GO:0022402	cell cycle process	3.15e-26	33	47
GO:1901564	organonitrogen compound metabolic process	3.44e-26	156	889
GO:0046943	carboxylic acid transmembrane transporter activity	4.78e-26	44	87
GO:0005342	organic acid transmembrane transporter activity	4.78e-26	44	87
GO:0015179	L-amino acid transmembrane transporter activity	3.94e-25	26	30
GO:0019752	carboxylic acid metabolic process	4.71e-24	107	497
GO:0071555	cell wall organization	1.72e-23	40	80
GO:0006807	nitrogen compound metabolic process	1.76e-23	198	1369
GO:0071554	cell wall organization or biogenesis	3.22e-23	43	94
GO:0005575	cellular_component	4.11e-23	314	2929
GO:0043436	oxoacid metabolic process	2.82e-22	107	521
GO:0046942	carboxylic acid transport	5.65e-22	42	95
GO:0015807	L-amino acid transport	5.70e-22	23	27
GO:0006082	organic acid metabolic process	3.13e-21	107	535
GO:0044085	cellular component biogenesis	6.38e-21	77	310
GO:0065008	regulation of biological quality	1.42e-20	52	154
GO:0032506	cytokinetic process	1.62e-20	18	18
GO:0009082	branched-chain amino acid biosynthetic process	2.33e-20	19	20
GO:0009081	branched-chain amino acid metabolic process	2.33e-20	19	20
GO:0110165	cellular anatomical entity	4.14e-20	306	2878
GO:0000097	sulfur amino acid biosynthetic process	6.97e-20	21	25
GO:0003333	amino acid transmembrane transport	1.91e-19	25	37
GO:0003678	DNA helicase activity	2.08e-19	17	17
GO:0016043	cellular component organization	3.31e-19	85	389
GO:0015804	neutral amino acid transport	5.26e-19	22	29
GO:0009066	aspartate family amino acid metabolic process	1.07e-18	32	65
GO:0036094	small molecule binding	1.42e-18	134	822
GO:0045229	external encapsulating structure organization	1.78e-18	40	103
GO:0071840	cellular component organization or biogenesis	2.08e-18	91	447
GO:0015711	organic anion transport	2.38e-18	42	114
GO:0000917	division septum assembly	2.68e-18	16	16
GO:0090529	cell septum assembly	2.68e-18	16	16
GO:0009073	aromatic amino acid family biosynthetic process	3.52e-18	20	25
GO:0043168	anion binding	1.55e-17	121	721
GO:0043093	FtsZ-dependent cytokinesis	1.74e-17	21	29
GO:0022414	reproductive process	1.74e-17	21	29
GO:0000003	reproduction	1.74e-17	21	29
GO:0032505	reproduction of a single-celled organism	1.74e-17	21	29
GO:0019954	asexual reproduction	1.74e-17	21	29
GO:0000096	sulfur amino acid metabolic process	4.81e-17	22	33
GO:1905039	carboxylic acid transmembrane transport	4.97e-17	26	47
GO:1903825	organic acid transmembrane transport	4.97e-17	26	47
GO:0008094	ATP-dependent activity, acting on DNA	5.39e-17	21	30
GO:0043177	organic acid binding	8.54e-17	25	44
GO:0009072	aromatic amino acid family metabolic process	1.55e-16	21	31
GO:0140657	ATP-dependent activity	8.13e-16	51	186
GO:0004180	carboxypeptidase activity	9.20e-16	17	21
GO:0003674	molecular_function	1.22e-15	315	3159
GO:0008514	organic anion transmembrane transporter activity	1.23e-15	31	74
GO:0006820	anion transport	2.85e-15	43	141
GO:0004185	serine-type carboxypeptidase activity	6.07e-15	14	15
GO:0070008	serine-type exopeptidase activity	6.07e-15	14	15
GO:1902475	L-alpha-amino acid transmembrane transport	9.56e-15	16	20
GO:0009086	methionine biosynthetic process	4.50e-14	14	16
GO:0006555	methionine metabolic process	4.50e-14	14	16
GO:0071702	organic substance transport	1.85e-13	80	434
GO:0009084	glutamine family amino acid biosynthetic process	8.21e-13	17	27
GO:0009089	lysine biosynthetic process via diaminopimelate	8.51e-13	12	13
GO:0046451	diaminopimelate metabolic process	8.51e-13	12	13
GO:0008186	ATP-dependent activity, acting on RNA	8.93e-13	11	11
GO:0009070	serine family amino acid biosynthetic process	1.07e-12	16	24
GO:0016597	amino acid binding	1.18e-12	15	21
GO:0051302	regulation of cell division	2.48e-12	13	16
GO:0043650	dicarboxylic acid biosynthetic process	2.95e-12	19	36
GO:0008509	anion transmembrane transporter activity	7.42e-12	32	103
GO:0015175	neutral amino acid transmembrane transporter activity	9.77e-12	13	17
GO:0009097	isoleucine biosynthetic process	9.94e-12	11	12
GO:0006549	isoleucine metabolic process	9.94e-12	11	12
GO:0005524	ATP binding	1.11e-11	77	442
GO:0009423	chorismate biosynthetic process	1.13e-11	10	10
GO:0015173	aromatic amino acid transmembrane transporter activity	1.13e-11	10	10
GO:0000105	histidine biosynthetic process	1.13e-11	10	10
GO:0006547	histidine metabolic process	1.13e-11	10	10
GO:0032559	adenyl ribonucleotide binding	2.26e-11	77	448
GO:0030554	adenyl nucleotide binding	2.54e-11	77	449
GO:0006526	arginine biosynthetic process	2.56e-11	12	15
GO:0009085	lysine biosynthetic process	2.56e-11	12	15
GO:0031406	carboxylic acid binding	3.76e-11	17	32
GO:0044237	cellular metabolic process	6.43e-11	207	1833
GO:0071704	organic substance metabolic process	6.79e-11	208	1846
GO:0043648	dicarboxylic acid metabolic process	6.82e-11	29	93
GO:0046417	chorismate metabolic process	9.58e-11	13	19
GO:0005622	intracellular anatomical structure	1.06e-10	174	1454
GO:0008658	penicillin binding	1.15e-10	10	11
GO:0035639	purine ribonucleoside triphosphate binding	1.26e-10	80	490
GO:0003724	RNA helicase activity	1.42e-10	9	9
GO:0009069	serine family amino acid metabolic process	1.61e-10	19	43
GO:0097367	carbohydrate derivative binding	1.87e-10	88	567
GO:0032555	purine ribonucleotide binding	2.35e-10	81	505
GO:0017076	purine nucleotide binding	2.60e-10	81	506
GO:0005737	cytoplasm	3.51e-10	169	1415
GO:0032553	ribonucleotide binding	4.98e-10	84	540
GO:0034645	cellular macromolecule biosynthetic process	5.74e-10	71	423
GO:0009059	macromolecule biosynthetic process	7.97e-10	71	427
GO:0009002	serine-type D-Ala-D-Ala carboxypeptidase activity	1.32e-09	9	10
GO:0030428	cell septum	1.78e-09	8	8
GO:0000166	nucleotide binding	1.90e-09	100	708
GO:1901265	nucleoside phosphate binding	1.90e-09	100	708
GO:0008238	exopeptidase activity	1.99e-09	17	39
GO:0006260	DNA replication	3.40e-09	20	55
GO:0009064	glutamine family amino acid metabolic process	3.40e-09	20	55
GO:0050789	regulation of biological process	3.73e-09	87	590
GO:0006811	ion transport	4.52e-09	53	288
GO:0089718	amino acid import across plasma membrane	6.73e-09	9	11
GO:0043090	amino acid import	6.73e-09	9	11
GO:0009099	valine biosynthetic process	6.73e-09	9	11
GO:0006573	valine metabolic process	6.73e-09	9	11
GO:0000101	sulfur amino acid transport	8.37e-09	10	14
GO:0098656	anion transmembrane transport	8.40e-09	21	63
GO:0044281	small molecule metabolic process	9.38e-09	113	860
GO:0006812	cation transport	2.14e-08	37	173
GO:0006553	lysine metabolic process	2.15e-08	12	22
GO:0072337	modified amino acid transport	2.15e-08	12	22
GO:0044272	sulfur compound biosynthetic process	2.15e-08	21	66
GO:0042940	D-amino acid transport	2.23e-08	7	7
GO:0008955	peptidoglycan glycosyltransferase activity	2.23e-08	7	7
GO:0015818	isoleucine transport	2.23e-08	7	7
GO:0000725	recombinational repair	2.50e-08	9	12
GO:0008236	serine-type peptidase activity	3.86e-08	15	36
GO:0017171	serine hydrolase activity	3.86e-08	15	36
GO:0043167	ion binding	4.83e-08	154	1329
GO:0051276	chromosome organization	6.69e-08	13	28
GO:0019344	cysteine biosynthetic process	6.93e-08	8	10
GO:0008152	metabolic process	7.05e-08	209	1984
GO:0015075	ion transmembrane transporter activity	7.45e-08	42	220
GO:0033293	monocarboxylic acid binding	1.30e-07	10	17
GO:0065007	biological regulation	1.35e-07	92	684
GO:0097159	organic cyclic compound binding	1.64e-07	161	1431
GO:1901363	heterocyclic compound binding	1.64e-07	161	1431
GO:0009360	DNA polymerase III complex	1.66e-07	7	8
GO:0009098	leucine biosynthetic process	1.66e-07	7	8
GO:0006551	leucine metabolic process	1.66e-07	7	8
GO:0032508	DNA duplex unwinding	1.66e-07	7	8
GO:0032392	DNA geometric change	1.66e-07	7	8
GO:0051782	negative regulation of cell division	1.66e-07	7	8
GO:0008324	cation transmembrane transporter activity	2.03e-07	33	157
GO:0006568	tryptophan metabolic process	2.36e-07	8	11
GO:0006586	indolalkylamine metabolic process	2.36e-07	8	11
GO:0042430	indole-containing compound metabolic process	2.36e-07	8	11
GO:0006534	cysteine metabolic process	2.72e-07	10	18
GO:0015658	branched-chain amino acid transmembrane transporter activity	2.79e-07	6	6
GO:0043138	3'-5' DNA helicase activity	2.79e-07	6	6
GO:0015802	basic amino acid transport	2.79e-07	6	6
GO:0015174	basic amino acid transmembrane transporter activity	2.79e-07	6	6
GO:0009088	threonine biosynthetic process	2.79e-07	6	6
GO:0071972	peptidoglycan L,D-transpeptidase activity	2.79e-07	6	6
GO:0140097	catalytic activity, acting on DNA	3.54e-07	32	153
GO:0005515	protein binding	3.93e-07	75	531
GO:0006525	arginine metabolic process	3.96e-07	12	27
GO:1901137	carbohydrate derivative biosynthetic process	4.16e-07	44	250
GO:0006810	transport	4.46e-07	82	601
GO:0000099	sulfur amino acid transmembrane transporter activity	6.95e-07	7	9
GO:0015803	branched-chain amino acid transport	6.95e-07	7	9
GO:0015829	valine transport	6.95e-07	7	9
GO:0000162	tryptophan biosynthetic process	6.95e-07	7	9
GO:0046219	indolalkylamine biosynthetic process	6.95e-07	7	9
GO:0042435	indole-containing compound biosynthetic process	6.95e-07	7	9
GO:0009092	homoserine metabolic process	6.95e-07	7	9
GO:0032991	protein-containing complex	8.31e-07	74	531
GO:0051234	establishment of localization	8.54e-07	82	610
GO:1902494	catalytic complex	1.32e-06	31	154
GO:0006261	DNA-dependent DNA replication	1.57e-06	12	30
GO:0006996	organelle organization	1.72e-06	25	111
GO:0071103	DNA conformation change	1.75e-06	10	21
GO:0009314	response to radiation	1.76e-06	23	97
GO:0010564	regulation of cell cycle process	1.82e-06	6	7
GO:0051726	regulation of cell cycle	1.82e-06	6	7
GO:0042575	DNA polymerase complex	2.16e-06	7	10
GO:0031226	intrinsic component of plasma membrane	2.39e-06	61	420
GO:0005488	binding	2.47e-06	219	2185
GO:0140640	catalytic activity, acting on a nucleic acid	3.21e-06	47	295
GO:0003887	DNA-directed DNA polymerase activity	3.45e-06	8	14
GO:0034061	DNA polymerase activity	3.45e-06	8	14
GO:0015424	ABC-type amino acid transporter activity	3.47e-06	5	5
GO:0033284	ATPase-coupled carboxylic acid transmembrane transporter activity	3.47e-06	5	5
GO:0033283	ATPase-coupled organic acid transmembrane transporter activity	3.47e-06	5	5
GO:0015820	leucine transport	3.47e-06	5	5
GO:0015616	DNA translocase activity	3.47e-06	5	5
GO:1903714	isoleucine transmembrane transport	3.47e-06	5	5
GO:1902023	L-arginine transport	3.47e-06	5	5
GO:0015809	arginine transport	3.47e-06	5	5
GO:0033202	DNA helicase complex	3.47e-06	5	5
GO:0019877	diaminopimelate biosynthetic process	3.47e-06	5	5
GO:0019202	amino acid kinase activity	3.47e-06	5	5
GO:0003984	acetolactate synthase activity	3.47e-06	5	5
GO:0015188	L-isoleucine transmembrane transporter activity	3.47e-06	5	5
GO:0015823	phenylalanine transport	3.47e-06	5	5
GO:0005304	L-valine transmembrane transporter activity	3.47e-06	5	5
GO:0018104	peptidoglycan-protein cross-linking	3.47e-06	5	5
GO:0072348	sulfur compound transport	3.51e-06	11	27
GO:1990234	transferase complex	3.81e-06	14	43
GO:0042802	identical protein binding	4.51e-06	63	447
GO:0005887	integral component of plasma membrane	4.68e-06	58	400
GO:0031460	glycine betaine transport	5.52e-06	7	11
GO:0005829	cytosol	6.50e-06	121	1054
GO:0140535	intracellular protein-containing complex	7.39e-06	12	34
GO:0043190	ATP-binding cassette (ABC) transporter complex	8.88e-06	18	71
GO:0016887	ATP hydrolysis activity	9.25e-06	15	52
GO:0044238	primary metabolic process	9.57e-06	163	1539
GO:0022857	transmembrane transporter activity	9.88e-06	74	566
GO:0015838	amino-acid betaine transport	1.23e-05	7	12
GO:0015697	quaternary ammonium group transport	1.23e-05	7	12
GO:0007059	chromosome segregation	1.28e-05	8	16
GO:0005215	transporter activity	1.37e-05	74	571
GO:0051179	localization	1.42e-05	82	653
GO:0015695	organic cation transport	1.69e-05	11	31
GO:0035999	tetrahydrofolate interconversion	1.94e-05	5	6
GO:0098533	ATPase dependent transmembrane transport complex	2.02e-05	18	75
GO:0006281	DNA repair	2.38e-05	20	90
GO:0004527	exonuclease activity	2.39e-05	11	32
GO:0006563	L-serine metabolic process	2.48e-05	7	13
GO:0098739	import across plasma membrane	2.70e-05	9	22
GO:0030170	pyridoxal phosphate binding	3.12e-05	15	57
GO:0070279	vitamin B6 binding	3.12e-05	15	57
GO:0003824	catalytic activity	3.43e-05	196	1965
GO:1901681	sulfur compound binding	3.62e-05	12	39
GO:0000935	division septum	4.31e-05	4	4
GO:0032329	serine transport	4.31e-05	4	4
GO:0015190	L-leucine transmembrane transporter activity	4.31e-05	4	4
GO:0016838	carbon-oxygen lyase activity, acting on phosphates	4.31e-05	4	4
GO:0015821	methionine transport	4.31e-05	4	4
GO:0097638	L-arginine import across plasma membrane	4.31e-05	4	4
GO:1903400	L-arginine transmembrane transport	4.31e-05	4	4
GO:1903826	arginine transmembrane transport	4.31e-05	4	4
GO:1990822	basic amino acid transmembrane transport	4.31e-05	4	4
GO:0009090	homoserine biosynthetic process	4.31e-05	4	4
GO:0032328	alanine transport	4.31e-05	4	4
GO:0015808	L-alanine transport	4.31e-05	4	4
GO:0015192	L-phenylalanine transmembrane transporter activity	4.31e-05	4	4
GO:1902022	L-lysine transport	4.31e-05	4	4
GO:0015184	L-cystine transmembrane transporter activity	4.31e-05	4	4
GO:0015811	L-cystine transport	4.31e-05	4	4
GO:0017116	single-stranded DNA helicase activity	4.31e-05	4	4
GO:0006268	DNA unwinding involved in DNA replication	4.31e-05	4	4
GO:0015276	ligand-gated ion channel activity	4.31e-05	4	4
GO:1903785	L-valine transmembrane transport	6.35e-05	5	7
GO:0043229	intracellular organelle	6.81e-05	21	104
GO:0019842	vitamin binding	7.25e-05	18	82
GO:0042401	cellular biogenic amine biosynthetic process	8.06e-05	7	15
GO:0009309	amine biosynthetic process	8.06e-05	7	15
GO:0016818	hydrolase activity, acting on acid anhydrides, in phosphorus-containing anhydrides	8.18e-05	22	113
GO:0016817	hydrolase activity, acting on acid anhydrides	8.18e-05	22	113
GO:0005694	chromosome	9.34e-05	8	20
GO:0017111	nucleoside-triphosphatase activity	1.07e-04	17	77
GO:0044260	cellular macromolecule metabolic process	1.18e-04	94	819
GO:0016462	pyrophosphatase activity	1.39e-04	21	109
GO:0033218	amide binding	1.42e-04	10	32
GO:0022607	cellular component assembly	1.52e-04	33	211
GO:0042450	arginine biosynthetic process via ornithine	1.58e-04	5	8
GO:0016757	glycosyltransferase activity	1.63e-04	18	87
GO:0016879	ligase activity, forming carbon-nitrogen bonds	1.70e-04	12	45
GO:0006564	L-serine biosynthetic process	2.02e-04	4	5
GO:0140513	nuclear protein-containing complex	2.02e-04	4	5
GO:0005634	nucleus	2.02e-04	4	5
GO:0017038	protein import	2.02e-04	4	5
GO:0048476	Holliday junction resolvase complex	2.02e-04	4	5
GO:0032465	regulation of cytokinesis	2.02e-04	4	5
GO:0008408	3'-5' exonuclease activity	2.05e-04	8	22
GO:1901682	sulfur compound transmembrane transporter activity	2.05e-04	8	22
GO:0016787	hydrolase activity	2.50e-04	71	590
GO:0072349	modified amino acid transmembrane transporter activity	2.91e-04	6	13
GO:0010212	response to ionizing radiation	3.26e-04	9	29
GO:0030894	replisome	3.32e-04	5	9
GO:1905347	endodeoxyribonuclease complex	3.32e-04	5	9
GO:0008233	peptidase activity	3.48e-04	20	108
GO:0016881	acid-amino acid ligase activity	4.74e-04	7	19
GO:0009628	response to abiotic stimulus	4.94e-04	35	243
GO:0015648	lipid-linked peptidoglycan transporter activity	5.34e-04	3	3
GO:0015647	peptidoglycan transmembrane transporter activity	5.34e-04	3	3
GO:0003849	3-deoxy-7-phosphoheptulonate synthase activity	5.34e-04	3	3
GO:0042943	D-amino acid transmembrane transporter activity	5.34e-04	3	3
GO:0022889	serine transmembrane transporter activity	5.34e-04	3	3
GO:0005856	cytoskeleton	5.34e-04	3	3
GO:0009338	exodeoxyribonuclease V complex	5.34e-04	3	3
GO:0008854	exodeoxyribonuclease V activity	5.34e-04	3	3
GO:0015191	L-methionine transmembrane transporter activity	5.34e-04	3	3
GO:0043865	methionine transmembrane transporter activity	5.34e-04	3	3
GO:0071667	DNA/RNA hybrid binding	5.34e-04	3	3
GO:0006571	tyrosine biosynthetic process	5.34e-04	3	3
GO:0006570	tyrosine metabolic process	5.34e-04	3	3
GO:0000902	cell morphogenesis	5.34e-04	3	3
GO:0009653	anatomical structure morphogenesis	5.34e-04	3	3
GO:0048856	anatomical structure development	5.34e-04	3	3
GO:0032955	regulation of division septum assembly	5.34e-04	3	3
GO:1901891	regulation of cell septum assembly	5.34e-04	3	3
GO:0032954	regulation of cytokinetic process	5.34e-04	3	3
GO:0055129	L-proline biosynthetic process	5.34e-04	3	3
GO:0034618	arginine binding	5.34e-04	3	3
GO:0004072	aspartate kinase activity	5.34e-04	3	3
GO:0042941	D-alanine transport	5.34e-04	3	3
GO:0048473	D-methionine transport	5.34e-04	3	3
GO:1903401	L-lysine transmembrane transport	5.34e-04	3	3
GO:0009378	four-way junction helicase activity	5.34e-04	3	3
GO:0015801	aromatic amino acid transport	5.34e-04	3	3
GO:0033677	DNA/RNA helicase activity	5.34e-04	3	3
GO:0050667	homocysteine metabolic process	5.66e-04	4	6
GO:0043231	intracellular membrane-bounded organelle	5.66e-04	4	6
GO:0005416	amino acid:cation symporter activity	5.66e-04	4	6
GO:0080146	L-cysteine desulfhydrase activity	5.66e-04	4	6
GO:0000920	septum digestion after cytokinesis	5.66e-04	4	6
GO:0047661	amino-acid racemase activity	5.66e-04	4	6
GO:0036361	racemase activity, acting on amino acids and derivatives	5.66e-04	4	6
GO:0022834	ligand-gated channel activity	5.66e-04	4	6
GO:0034639	L-amino acid efflux transmembrane transporter activity	5.66e-04	4	6
GO:0006591	ornithine metabolic process	6.20e-04	5	10
GO:0005657	replication fork	6.20e-04	5	10
GO:0006790	sulfur compound metabolic process	6.63e-04	22	130
GO:0006566	threonine metabolic process	6.79e-04	7	20
GO:0009295	nucleoid	6.79e-04	7	20
GO:0098655	cation transmembrane transport	7.60e-04	17	90
GO:0098542	defense response to other organism	9.91e-04	8	27
GO:0006955	immune response	9.91e-04	8	27
GO:0002376	immune system process	9.91e-04	8	27
GO:0006952	defense response	9.91e-04	8	27
GO:0006302	double-strand break repair	1.06e-03	5	11
GO:0016744	transketolase or transaldolase activity	1.06e-03	5	11
GO:0015291	secondary active transmembrane transporter activity	1.07e-03	21	126
GO:0006259	DNA metabolic process	1.16e-03	32	226
GO:0050661	NADP binding	1.18e-03	9	34
GO:1901135	carbohydrate derivative metabolic process	1.22e-03	48	383
GO:0043227	membrane-bounded organelle	1.24e-03	4	7
GO:0032973	amino acid export across plasma membrane	1.24e-03	4	7
GO:0042834	peptidoglycan binding	1.24e-03	4	7
GO:0016855	racemase and epimerase activity, acting on amino acids and derivatives	1.24e-03	4	7
GO:0061695	transferase complex, transferring phosphorus-containing groups	1.29e-03	7	22
GO:1902495	transmembrane transporter complex	1.39e-03	18	103
GO:0016835	carbon-oxygen lyase activity	1.42e-03	14	71
GO:0034220	ion transmembrane transport	1.66e-03	22	139
GO:0006730	one-carbon metabolic process	1.70e-03	5	12
GO:0098797	plasma membrane protein complex	1.74e-03	18	105
GO:0043232	intracellular non-membrane-bounded organelle	1.81e-03	17	97
GO:0016765	transferase activity, transferring alkyl or aryl (other than methyl) groups	1.84e-03	9	36
GO:0006310	DNA recombination	1.84e-03	19	114
GO:0046677	response to antibiotic	1.94e-03	18	106
GO:0043226	organelle	1.97e-03	21	132
GO:0005283	amino acid:sodium symporter activity	2.01e-03	3	4
GO:0005343	organic acid:sodium symporter activity	2.01e-03	3	4
GO:0000724	double-strand break repair via homologous recombination	2.01e-03	3	4
GO:0009095	aromatic amino acid family biosynthetic process, prephenate pathway	2.01e-03	3	4
GO:0009094	L-phenylalanine biosynthetic process	2.01e-03	3	4
GO:1902223	erythrose 4-phosphate/phosphoenolpyruvate family amino acid biosynthetic process	2.01e-03	3	4
GO:0006535	cysteine biosynthetic process from serine	2.01e-03	3	4
GO:0006561	proline biosynthetic process	2.01e-03	3	4
GO:0006560	proline metabolic process	2.01e-03	3	4
GO:0005948	acetolactate synthase complex	2.01e-03	3	4
GO:0071265	L-methionine biosynthetic process	2.01e-03	3	4
GO:0033592	RNA strand annealing activity	2.01e-03	3	4
GO:0140666	annealing activity	2.01e-03	3	4
GO:0006791	sulfur utilization	2.01e-03	3	4
GO:0032466	negative regulation of cytokinesis	2.01e-03	3	4
GO:0010948	negative regulation of cell cycle process	2.01e-03	3	4
GO:0045786	negative regulation of cell cycle	2.01e-03	3	4
GO:0009432	SOS response	2.10e-03	8	30
GO:0043170	macromolecule metabolic process	2.15e-03	99	944
GO:1990351	transporter complex	2.17e-03	18	107
GO:0006541	glutamine metabolic process	2.22e-03	6	18
GO:0043085	positive regulation of catalytic activity	2.22e-03	6	18
GO:0005539	glycosaminoglycan binding	2.32e-03	4	8
GO:0043213	bacteriocin transport	2.32e-03	4	8
GO:0004518	nuclease activity	2.37e-03	16	91
GO:0051607	defense response to virus	2.58e-03	5	13
GO:0140546	defense response to symbiont	2.58e-03	5	13
GO:0016846	carbon-sulfur lyase activity	2.58e-03	5	13
GO:0016774	phosphotransferase activity, carboxyl group as acceptor	2.58e-03	5	13
GO:0042255	ribosome assembly	2.98e-03	11	53
GO:0005886	plasma membrane	3.08e-03	120	1194
GO:0016829	lyase activity	3.09e-03	27	192
GO:0051707	response to other organism	3.28e-03	8	32
GO:0043207	response to external biotic stimulus	3.28e-03	8	32
GO:0065009	regulation of molecular function	3.61e-03	12	62
GO:0055052	ATP-binding cassette (ABC) transporter complex, substrate-binding subunit-containing	3.90e-03	4	9
GO:0098657	import into cell	3.99e-03	9	40
GO:0008172	S-methyltransferase activity	4.72e-03	3	5
GO:0071417	cellular response to organonitrogen compound	4.72e-03	3	5
GO:0071495	cellular response to endogenous stimulus	4.72e-03	3	5
GO:0009719	response to endogenous stimulus	4.72e-03	3	5
GO:0015826	threonine transport	4.72e-03	3	5
GO:0022618	ribonucleoprotein complex assembly	5.18e-03	10	49
GO:0071826	ribonucleoprotein complex subunit organization	5.18e-03	10	49
GO:0015293	symporter activity	5.96e-03	13	74
GO:0070905	serine binding	6.60e-03	2	2
GO:0008705	methionine synthase activity	6.60e-03	2	2
GO:0042084	5-methyltetrahydrofolate-dependent methyltransferase activity	6.60e-03	2	2
GO:0043846	DNA polymerase III, clamp loader complex	6.60e-03	2	2
GO:0004765	shikimate kinase activity	6.60e-03	2	2
GO:0003861	3-isopropylmalate dehydratase activity	6.60e-03	2	2
GO:0042942	D-serine transport	6.60e-03	2	2
GO:0042945	D-serine transmembrane transporter activity	6.60e-03	2	2
GO:0004355	glutamate synthase (NADPH) activity	6.60e-03	2	2
GO:0045181	glutamate synthase activity, NAD(P)H as acceptor	6.60e-03	2	2
GO:0097054	L-glutamate biosynthetic process	6.60e-03	2	2
GO:0004088	carbamoyl-phosphate synthase (glutamine-hydrolyzing) activity	6.60e-03	2	2
GO:0005951	carbamoyl-phosphate synthase complex	6.60e-03	2	2
GO:0004106	chorismate mutase activity	6.60e-03	2	2
GO:0009333	cysteine synthase complex	6.60e-03	2	2
GO:0004124	cysteine synthase activity	6.60e-03	2	2
GO:0009379	Holliday junction helicase complex	6.60e-03	2	2
GO:0098713	leucine import across plasma membrane	6.60e-03	2	2
GO:1903806	L-isoleucine import across plasma membrane	6.60e-03	2	2
GO:0015181	arginine transmembrane transporter activity	6.60e-03	2	2
GO:0051095	regulation of helicase activity	6.60e-03	2	2
GO:0008716	D-alanine-D-alanine ligase activity	6.60e-03	2	2
GO:0004783	sulfite reductase (NADPH) activity	6.60e-03	2	2
GO:0016002	sulfite reductase activity	6.60e-03	2	2
GO:0009337	sulfite reductase complex (NADPH)	6.60e-03	2	2
GO:0015426	ATPase-coupled polar amino acid-transporter activity	6.60e-03	2	2
GO:0015813	L-glutamate transmembrane transport	6.60e-03	2	2
GO:0004412	homoserine dehydrogenase activity	6.60e-03	2	2
GO:0000918	division septum site selection	6.60e-03	2	2
GO:0000107	imidazoleglycerol-phosphate synthase activity	6.60e-03	2	2
GO:0009382	imidazoleglycerol-phosphate synthase complex	6.60e-03	2	2
GO:0004049	anthranilate synthase activity	6.60e-03	2	2
GO:0071266	'de novo' L-methionine biosynthetic process	6.60e-03	2	2
GO:0033359	lysine biosynthetic process via diaminopimelate and N-succinyl-2-amino-6-ketopimelate	6.60e-03	2	2
GO:0015189	L-lysine transmembrane transporter activity	6.60e-03	2	2
GO:0009037	tyrosine-based site-specific recombinase activity	6.60e-03	2	2
GO:0071139	resolution of recombination intermediates	6.60e-03	2	2
GO:0032272	negative regulation of protein polymerization	6.60e-03	2	2
GO:0032271	regulation of protein polymerization	6.60e-03	2	2
GO:0031333	negative regulation of protein-containing complex assembly	6.60e-03	2	2
GO:0006532	aspartate biosynthetic process	6.60e-03	2	2
GO:0050048	L-leucine:2-oxoglutarate aminotransferase activity	6.60e-03	2	2
GO:0034458	3'-5' RNA helicase activity	6.60e-03	2	2
GO:0070981	L-asparagine biosynthetic process	6.60e-03	2	2
GO:0070982	L-asparagine metabolic process	6.60e-03	2	2
GO:0006529	asparagine biosynthetic process	6.60e-03	2	2
GO:0004071	aspartate-ammonia ligase activity	6.60e-03	2	2
GO:2000245	negative regulation of FtsZ-dependent cytokinesis	6.60e-03	2	2
GO:2000244	regulation of FtsZ-dependent cytokinesis	6.60e-03	2	2
GO:2000241	regulation of reproductive process	6.60e-03	2	2
GO:2000242	negative regulation of reproductive process	6.60e-03	2	2
GO:0051781	positive regulation of cell division	6.60e-03	2	2
GO:1903810	L-histidine import across plasma membrane	6.60e-03	2	2
GO:0089709	L-histidine transmembrane transport	6.60e-03	2	2
GO:0005291	high-affinity L-histidine transmembrane transporter activity	6.60e-03	2	2
GO:0005290	L-histidine transmembrane transporter activity	6.60e-03	2	2
GO:0005287	high-affinity basic amino acid transmembrane transporter activity	6.60e-03	2	2
GO:1990220	GroEL-GroES complex	6.60e-03	2	2
GO:0016465	chaperonin ATPase complex	6.60e-03	2	2
GO:0101031	chaperone complex	6.60e-03	2	2
GO:0019068	virion assembly	6.60e-03	2	2
GO:0047804	cysteine-S-conjugate beta-lyase activity	6.60e-03	2	2
GO:0004121	cystathionine beta-lyase activity	6.60e-03	2	2
GO:0071237	cellular response to bacteriocin	6.60e-03	2	2
GO:0046678	response to bacteriocin	6.60e-03	2	2
GO:1901653	cellular response to peptide	6.60e-03	2	2
GO:0004834	tryptophan synthase activity	6.60e-03	2	2
GO:0015196	L-tryptophan transmembrane transporter activity	6.60e-03	2	2
GO:1990610	acetolactate synthase regulator activity	6.60e-03	2	2
GO:0044093	positive regulation of molecular function	6.75e-03	6	22
GO:0009605	response to external stimulus	6.84e-03	20	137
GO:0051128	regulation of cellular component organization	7.04e-03	11	59
GO:0016758	hexosyltransferase activity	7.08e-03	8	36
GO:0016740	transferase activity	7.21e-03	69	644
GO:0009607	response to biotic stimulus	8.41e-03	8	37
GO:0006458	'de novo' protein folding	8.87e-03	3	6
GO:0016884	carbon-nitrogen ligase activity, with glutamine as amido-N-donor	8.87e-03	3	6
GO:0030261	chromosome condensation	8.87e-03	3	6
GO:0006323	DNA packaging	8.87e-03	3	6
GO:0071236	cellular response to antibiotic	8.87e-03	3	6
GO:0006289	nucleotide-excision repair	8.87e-03	3	6
GO:0009274	peptidoglycan-based cell wall	8.97e-03	4	11
GO:0003676	nucleic acid binding	9.18e-03	74	706
GO:0046653	tetrahydrofolate metabolic process	9.45e-03	5	17
GO:0016020	membrane	9.75e-03	136	1421
GO:0050790	regulation of catalytic activity	0.0104	9	46
GO:0016796	exonuclease activity, active with either ribo- or deoxyribonucleic acids and producing 5'-phosphomonoesters	0.0106	6	24
GO:0140694	non-membrane-bounded organelle assembly	0.0110	12	71
GO:0070925	organelle assembly	0.0110	12	71
GO:0009615	response to virus	0.0122	5	18
GO:0005618	cell wall	0.0126	4	12
GO:0016646	oxidoreductase activity, acting on the CH-NH group of donors, NAD or NADP as acceptor	0.0126	4	12
GO:0019438	aromatic compound biosynthetic process	0.0127	37	315
GO:0065003	protein-containing complex assembly	0.0135	18	127
GO:0055085	transmembrane transport	0.0136	36	306
GO:0034622	cellular protein-containing complex assembly	0.0137	12	73
GO:0006576	cellular biogenic amine metabolic process	0.0137	9	48
GO:0044106	cellular amine metabolic process	0.0137	9	48
GO:0009308	amine metabolic process	0.0137	9	48
GO:0070206	protein trimerization	0.0146	3	7
GO:1990077	primosome complex	0.0146	3	7
GO:0006269	DNA replication, synthesis of RNA primer	0.0146	3	7
GO:0051345	positive regulation of hydrolase activity	0.0146	3	7
GO:0006950	response to stress	0.0153	58	544
GO:0015101	organic cation transmembrane transporter activity	0.0155	5	19
GO:0042274	ribosomal small subunit biogenesis	0.0158	6	26
GO:0016779	nucleotidyltransferase activity	0.0168	12	75
GO:0022836	gated channel activity	0.0171	4	13
GO:0044419	biological process involved in interspecies interaction between organisms	0.0178	9	50
GO:0022804	active transmembrane transporter activity	0.0180	34	291
GO:1901362	organic cyclic compound biosynthetic process	0.0180	40	354
GO:0042254	ribosome biogenesis	0.0184	15	103
GO:1990145	maintenance of translational fidelity	0.0187	2	3
GO:0015930	glutamate synthase activity	0.0187	2	3
GO:0016639	oxidoreductase activity, acting on the CH-NH2 group of donors, NAD or NADP as acceptor	0.0187	2	3
GO:0000746	conjugation	0.0187	2	3
GO:0043164	Gram-negative-bacterium-type cell wall biogenesis	0.0187	2	3
GO:0006995	cellular response to nitrogen starvation	0.0187	2	3
GO:0043562	cellular response to nitrogen levels	0.0187	2	3
GO:0044787	bacterial-type DNA replication	0.0187	2	3
GO:0044776	DNA polymerase III, core complex	0.0187	2	3
GO:0015800	acidic amino acid transport	0.0187	2	3
GO:0042150	plasmid recombination	0.0187	2	3
GO:0008800	beta-lactamase activity	0.0187	2	3
GO:0043087	regulation of GTPase activity	0.0187	2	3
GO:0004585	ornithine carbamoyltransferase activity	0.0187	2	3
GO:0019240	citrulline biosynthetic process	0.0187	2	3
GO:0000052	citrulline metabolic process	0.0187	2	3
GO:0005275	amine transmembrane transporter activity	0.0187	2	3
GO:0008784	alanine racemase activity	0.0187	2	3
GO:0016836	hydro-lyase activity	0.0192	10	59
GO:0006760	folic acid-containing compound metabolic process	0.0193	5	20
GO:0042558	pteridine-containing compound metabolic process	0.0193	5	20
GO:0000028	ribosomal small subunit assembly	0.0193	5	20
GO:0022613	ribonucleoprotein complex biogenesis	0.0199	15	104
GO:0030234	enzyme regulator activity	0.0206	8	43
GO:0043933	protein-containing complex subunit organization	0.0210	18	133
GO:0015370	solute:sodium symporter activity	0.0220	3	8
GO:1901699	cellular response to nitrogen compound	0.0220	3	8
GO:0071310	cellular response to organic substance	0.0220	3	8
GO:1902221	erythrose 4-phosphate/phosphoenolpyruvate family amino acid metabolic process	0.0220	3	8
GO:0006558	L-phenylalanine metabolic process	0.0220	3	8
GO:0000103	sulfate assimilation	0.0220	3	8
GO:0006276	plasmid maintenance	0.0220	3	8
GO:0031668	cellular response to extracellular stimulus	0.0221	11	69
GO:0071496	cellular response to external stimulus	0.0221	11	69
GO:0016645	oxidoreductase activity, acting on the CH-NH group of donors	0.0224	4	14
GO:0006835	dicarboxylic acid transport	0.0224	4	14
GO:0006972	hyperosmotic response	0.0224	4	14
GO:0009254	peptidoglycan turnover	0.0224	4	14
GO:0015562	efflux transmembrane transporter activity	0.0225	6	28
GO:0043228	non-membrane-bounded organelle	0.0234	17	125
GO:0010243	response to organonitrogen compound	0.0237	5	21
GO:0051336	regulation of hydrolase activity	0.0237	5	21
GO:0071944	cell periphery	0.0242	123	1304
GO:0009991	response to extracellular stimulus	0.0245	12	79
GO:0015294	solute:cation symporter activity	0.0254	9	53
GO:0006974	cellular response to DNA damage stimulus	0.0277	31	269
GO:0031224	intrinsic component of membrane	0.0277	103	1075
GO:0016021	integral component of membrane	0.0279	101	1052
GO:0050896	response to stimulus	0.0283	86	879
GO:0098772	molecular function regulator	0.0300	8	46
GO:0043200	response to amino acid	0.0310	3	9
GO:0032502	developmental process	0.0310	3	9
GO:0015489	putrescine transmembrane transporter activity	0.0310	3	9
GO:0003727	single-stranded RNA binding	0.0310	3	9
GO:0003723	RNA binding	0.0349	23	191
GO:0097718	disordered domain specific binding	0.0355	2	4
GO:0050380	undecaprenyl-diphosphatase activity	0.0355	2	4
GO:0006521	regulation of cellular amino acid metabolic process	0.0355	2	4
GO:1902369	negative regulation of RNA catabolic process	0.0355	2	4
GO:0031330	negative regulation of cellular catabolic process	0.0355	2	4
GO:0044786	cell cycle DNA replication	0.0355	2	4
GO:0043254	regulation of protein-containing complex assembly	0.0355	2	4
GO:0006528	asparagine metabolic process	0.0355	2	4
GO:0016211	ammonia ligase activity	0.0355	2	4
GO:0019346	transsulfuration	0.0355	2	4
GO:0015195	L-threonine transmembrane transporter activity	0.0355	2	4
GO:0015565	threonine efflux transmembrane transporter activity	0.0355	2	4
GO:0006725	cellular aromatic compound metabolic process	0.0382	79	810
GO:1901360	organic cyclic compound metabolic process	0.0387	82	845
GO:0006298	mismatch repair	0.0416	3	10
GO:0016895	exodeoxyribonuclease activity, producing 5'-phosphomonoesters	0.0439	4	17
GO:0044087	regulation of cellular component biogenesis	0.0439	4	17
GO:0010165	response to X-ray	0.0439	4	17
GO:0006401	RNA catabolic process	0.0475	5	25
GO:0022627	cytosolic small ribosomal subunit	0.0475	5	25
GO:0015935	small ribosomal subunit	0.0475	5	25
GO:0016763	pentosyltransferase activity	0.0475	5	25
GO:0008483	transaminase activity	0.0475	5	25
