bnumber	keyword
b0001	NA
b0002	NA
b0003	NA
b0004	NA
b0005	NA
b0006	NA
b0007	NA
b0008	NA
b0009	NA
b0010	NA
b0011	NA
b0012	NA
b0013	NA
b0014	NA
b0015	NA
b0016	NA
b0018	NA
b0019	NA
b0020	NA
b0021	NA
b0022	NA
b0023	NA
b0024	NA
b0025	NA
b0026	NA
b0027	NA
b0028	NA
b0029	NA
b0030	NA
b0031	NA
b0032	NA
b0033	NA
b0034	NA
b0035	NA
b0036	NA
b0037	NA
b0038	NA
b0039	NA
b0040	NA
b0041	NA
b0042	NA
b0043	NA
b0044	NA
b0045	NA
b0046	NA
b0047	NA
b0048	NA
b0049	NA
b0050	NA
b0051	NA
b0052	NA
b0053	NA
b0054	NA
b0055	NA
b0057	NA
b0058	NA
b0059	3D-structure
b0059	ATP-binding
b0059	Activator
b0059	DNA-binding
b0059	Direct protein sequencing
b0059	Helicase
b0059	Hydrolase
b0059	Nucleotide-binding
b0059	Reference proteome
b0059	Transcription
b0059	Transcription regulation
b0060	NA
b0061	NA
b0062	NA
b0063	NA
b0064	NA
b0065	NA
b0066	NA
b0067	NA
b0068	NA
b0069	NA
b0070	NA
b0071	NA
b0072	NA
b0073	NA
b0074	NA
b0075	NA
b0076	NA
b0077	NA
b0078	NA
b0079	NA
b0080	NA
b0081	NA
b0082	NA
b0083	NA
b0084	NA
b0085	NA
b0086	NA
b0087	NA
b0088	NA
b0089	NA
b0090	NA
b0091	NA
b0092	NA
b0093	NA
b0094	NA
b0095	NA
b0096	NA
b0097	NA
b0098	3D-structure
b0098	ATP-binding
b0098	Cell inner membrane
b0098	Cell membrane
b0098	Cytoplasm
b0098	Direct protein sequencing
b0098	Membrane
b0098	Metal-binding
b0098	Nucleotide-binding
b0098	Protein transport
b0098	Reference proteome
b0098	Translocase
b0098	Translocation
b0098	Transport
b0098	Zinc
b0099	NA
b0101	NA
b0102	NA
b0103	NA
b0104	NA
b0106	NA
b0107	NA
b0108	NA
b0109	NA
b0110	NA
b0111	NA
b0112	NA
b0113	NA
b0114	NA
b0115	NA
b0116	NA
b0117	NA
b0118	NA
b0119	NA
b0120	NA
b0121	NA
b0122	NA
b0123	NA
b0124	NA
b0125	NA
b0126	NA
b0127	NA
b0128	NA
b0129	NA
b0130	NA
b0131	NA
b0132	NA
b0133	NA
b0134	NA
b0135	NA
b0136	NA
b0137	NA
b0138	NA
b0139	NA
b0140	NA
b0141	NA
b0142	NA
b0143	NA
b0144	NA
b0145	NA
b0146	NA
b0147	NA
b0148	3D-structure
b0148	ATP-binding
b0148	Helicase
b0148	Hydrolase
b0148	Nucleotide-binding
b0148	Reference proteome
b0149	NA
b0150	NA
b0151	NA
b0152	NA
b0153	NA
b0154	NA
b0155	NA
b0156	NA
b0157	NA
b0158	NA
b0159	NA
b0160	NA
b0161	NA
b0162	NA
b0163	NA
b0164	NA
b0166	NA
b0167	NA
b0168	NA
b0169	3D-structure
b0169	Direct protein sequencing
b0169	Reference proteome
b0169	Ribonucleoprotein
b0169	Ribosomal protein
b0170	NA
b0171	NA
b0172	NA
b0173	NA
b0174	NA
b0175	NA
b0176	NA
b0177	NA
b0178	NA
b0179	NA
b0180	NA
b0181	NA
b0182	NA
b0183	NA
b0184	3D-structure
b0184	Cytoplasm
b0184	DNA replication
b0184	DNA-binding
b0184	DNA-directed DNA polymerase
b0184	Nucleotidyltransferase
b0184	Reference proteome
b0184	Transferase
b0185	NA
b0186	NA
b0187	NA
b0188	NA
b0189	NA
b0190	NA
b0191	NA
b0192	NA
b0193	NA
b0194	NA
b0195	NA
b0196	NA
b0197	NA
b0198	NA
b0199	NA
b0200	NA
b0207	NA
b0208	NA
b0209	NA
b0210	NA
b0211	NA
b0212	NA
b0213	NA
b0214	NA
b0215	3D-structure
b0215	DNA replication
b0215	DNA-directed DNA polymerase
b0215	Exonuclease
b0215	Hydrolase
b0215	Magnesium
b0215	Manganese
b0215	Metal-binding
b0215	Nuclease
b0215	Nucleotidyltransferase
b0215	Reference proteome
b0215	Transferase
b0217	NA
b0218	NA
b0219	NA
b0220	NA
b0221	NA
b0222	NA
b0223	NA
b0224	NA
b0225	NA
b0226	NA
b0227	NA
b0228	NA
b0229	NA
b0230	NA
b0231	NA
b0232	NA
b0233	NA
b0234	NA
b0235	NA
b0236	NA
b0237	NA
b0238	NA
b0239	NA
b0240	NA
b0241	NA
b0242	NA
b0243	NA
b0245	NA
b0246	NA
b0247	NA
b0248	NA
b0249	NA
b0250	NA
b0251	NA
b0252	NA
b0253	NA
b0254	NA
b0255	NA
b0256	NA
b0257	NA
b0258	NA
b0259	NA
b0260	NA
b0261	NA
b0262	NA
b0263	NA
b0264	NA
b0265	NA
b0266	NA
b0267	NA
b0268	NA
b0269	NA
b0270	NA
b0271	NA
b0272	NA
b0273	NA
b0274	NA
b0275	NA
b0276	NA
b0277	NA
b0278	NA
b0279	NA
b0280	NA
b0281	NA
b0283	NA
b0284	NA
b0285	NA
b0286	NA
b0287	NA
b0288	NA
b0289	NA
b0290	NA
b0291	NA
b0292	NA
b0293	NA
b0294	NA
b0295	NA
b0296	NA
b0297	NA
b0298	NA
b0299	NA
b0300	NA
b0301	NA
b0303	NA
b0304	NA
b0305	NA
b0306	NA
b0307	NA
b0308	NA
b0309	NA
b0310	NA
b0311	NA
b0312	NA
b0313	NA
b0314	NA
b0315	NA
b0316	NA
b0317	NA
b0318	NA
b0319	NA
b0320	NA
b0321	NA
b0322	NA
b0323	NA
b0324	NA
b0325	NA
b0326	NA
b0327	NA
b0328	NA
b0329	NA
b0330	NA
b0331	NA
b0333	NA
b0334	NA
b0335	NA
b0336	NA
b0337	NA
b0338	NA
b0339	NA
b0340	NA
b0341	NA
b0342	NA
b0343	NA
b0344	NA
b0345	NA
b0346	NA
b0347	NA
b0348	NA
b0349	NA
b0350	NA
b0351	NA
b0352	NA
b0353	NA
b0354	NA
b0355	NA
b0356	NA
b0357	NA
b0358	NA
b0360	NA
b0361	NA
b0363	NA
b0364	NA
b0365	NA
b0366	NA
b0367	NA
b0368	NA
b0369	NA
b0372	NA
b0373	NA
b0375	NA
b0376	NA
b0377	NA
b0378	NA
b0379	NA
b0380	NA
b0381	NA
b0382	NA
b0383	NA
b0384	NA
b0385	NA
b0386	NA
b0387	NA
b0388	NA
b0389	NA
b0390	NA
b0391	NA
b0392	NA
b0393	NA
b0394	NA
b0396	NA
b0397	NA
b0398	NA
b0399	NA
b0400	NA
b0401	NA
b0402	NA
b0403	NA
b0404	NA
b0405	NA
b0406	NA
b0407	NA
b0408	NA
b0409	NA
b0410	NA
b0411	NA
b0412	NA
b0413	NA
b0414	NA
b0415	NA
b0416	NA
b0417	NA
b0418	NA
b0419	NA
b0420	NA
b0421	NA
b0422	NA
b0423	NA
b0424	NA
b0425	NA
b0426	NA
b0427	NA
b0428	NA
b0429	NA
b0430	NA
b0431	NA
b0432	NA
b0433	NA
b0434	NA
b0435	NA
b0436	NA
b0437	NA
b0438	NA
b0439	NA
b0440	NA
b0441	NA
b0442	NA
b0443	NA
b0444	NA
b0445	NA
b0446	NA
b0447	NA
b0448	NA
b0449	NA
b0450	NA
b0451	NA
b0452	NA
b0453	NA
b0454	NA
b0456	NA
b0457	NA
b0458	NA
b0459	NA
b0460	NA
b0461	NA
b0462	NA
b0463	NA
b0464	NA
b0465	NA
b0466	NA
b0467	NA
b0468	NA
b0469	NA
b0470	3D-structure
b0470	ATP-binding
b0470	DNA replication
b0470	DNA-directed DNA polymerase
b0470	Direct protein sequencing
b0470	Nucleotide-binding
b0470	Nucleotidyltransferase
b0470	Reference proteome
b0470	Ribosomal frameshifting
b0470	Transferase
b0471	NA
b0472	NA
b0473	NA
b0474	NA
b0475	NA
b0476	NA
b0477	NA
b0478	NA
b0479	NA
b0480	NA
b0481	NA
b0482	NA
b0483	NA
b0484	NA
b0485	NA
b0486	NA
b0487	NA
b0488	NA
b0489	NA
b0490	NA
b0491	NA
b0492	NA
b0493	NA
b0494	NA
b0495	NA
b0496	NA
b0497	NA
b0498	NA
b0499	NA
b0501	NA
b0502	NA
b0503	NA
b0504	NA
b0505	NA
b0506	NA
b0507	NA
b0508	NA
b0509	NA
b0510	NA
b0511	NA
b0512	NA
b0513	NA
b0514	NA
b0515	NA
b0516	NA
b0517	NA
b0518	NA
b0520	NA
b0521	NA
b0522	NA
b0523	NA
b0524	NA
b0525	NA
b0526	NA
b0527	NA
b0528	NA
b0529	NA
b0530	NA
b0531	NA
b0532	NA
b0533	NA
b0534	NA
b0535	NA
b0537	NA
b0539	NA
b0540	NA
b0541	NA
b0542	NA
b0543	NA
b0544	NA
b0545	NA
b0546	NA
b0547	NA
b0548	NA
b0549	NA
b0550	NA
b0551	NA
b0552	NA
b0553	NA
b0554	NA
b0555	NA
b0556	NA
b0557	NA
b0558	NA
b0559	NA
b0560	NA
b0561	NA
b0562	NA
b0563	NA
b0564	NA
b0565	NA
b0566	NA
b0567	NA
b0568	NA
b0569	NA
b0570	NA
b0571	NA
b0572	NA
b0573	NA
b0574	NA
b0575	NA
b0576	NA
b0577	NA
b0578	NA
b0579	NA
b0580	NA
b0581	NA
b0582	NA
b0583	NA
b0584	NA
b0585	NA
b0586	NA
b0587	NA
b0588	NA
b0589	NA
b0590	NA
b0591	NA
b0592	NA
b0593	NA
b0594	NA
b0595	NA
b0596	NA
b0597	NA
b0598	NA
b0599	NA
b0600	NA
b0601	NA
b0602	NA
b0603	NA
b0604	NA
b0605	NA
b0606	NA
b0607	NA
b0608	NA
b0610	NA
b0611	NA
b0612	NA
b0613	NA
b0614	NA
b0615	NA
b0616	NA
b0617	NA
b0618	NA
b0619	NA
b0620	NA
b0621	NA
b0622	NA
b0623	NA
b0624	NA
b0627	NA
b0628	NA
b0629	NA
b0630	NA
b0631	NA
b0632	NA
b0633	NA
b0634	NA
b0635	NA
b0636	NA
b0637	NA
b0638	NA
b0639	NA
b0640	3D-structure
b0640	DNA replication
b0640	DNA-directed DNA polymerase
b0640	Direct protein sequencing
b0640	Nucleotidyltransferase
b0640	Reference proteome
b0640	Transferase
b0641	NA
b0642	NA
b0643	NA
b0644	NA
b0645	NA
b0646	NA
b0647	NA
b0648	NA
b0649	NA
b0650	NA
b0651	NA
b0652	NA
b0653	NA
b0654	NA
b0655	NA
b0656	NA
b0657	NA
b0658	NA
b0659	NA
b0660	NA
b0661	NA
b0662	NA
b0674	NA
b0675	NA
b0676	NA
b0677	NA
b0678	NA
b0679	NA
b0680	NA
b0681	NA
b0682	NA
b0683	NA
b0684	NA
b0685	NA
b0686	NA
b0687	NA
b0688	NA
b0689	NA
b0691	NA
b0692	NA
b0693	NA
b0694	NA
b0695	NA
b0696	NA
b0697	NA
b0698	NA
b0699	NA
b0700	NA
b0702	NA
b0703	NA
b0704	NA
b0705	NA
b0706	NA
b0707	NA
b0708	NA
b0709	NA
b0710	NA
b0711	NA
b0712	NA
b0713	NA
b0714	NA
b0715	NA
b0716	NA
b0717	NA
b0718	NA
b0719	NA
b0720	NA
b0721	NA
b0722	NA
b0723	NA
b0724	NA
b0726	NA
b0727	NA
b0728	NA
b0729	NA
b0730	NA
b0731	NA
b0732	NA
b0733	NA
b0734	NA
b0735	NA
b0736	NA
b0737	NA
b0738	NA
b0739	NA
b0740	NA
b0741	NA
b0742	NA
b0750	NA
b0751	NA
b0752	NA
b0753	NA
b0754	NA
b0755	NA
b0756	NA
b0757	NA
b0758	NA
b0759	NA
b0760	NA
b0761	NA
b0762	NA
b0763	NA
b0764	NA
b0765	NA
b0766	NA
b0767	NA
b0768	NA
b0769	NA
b0770	NA
b0771	NA
b0772	NA
b0773	NA
b0774	NA
b0775	NA
b0776	NA
b0777	NA
b0778	NA
b0779	3D-structure
b0779	ATP-binding
b0779	Cytoplasm
b0779	DNA damage
b0779	DNA excision
b0779	DNA repair
b0779	Direct protein sequencing
b0779	Excision nuclease
b0779	Nucleotide-binding
b0779	Reference proteome
b0779	SOS response
b0780	NA
b0781	NA
b0782	NA
b0783	NA
b0784	NA
b0785	NA
b0786	NA
b0787	NA
b0788	NA
b0789	NA
b0790	NA
b0791	NA
b0792	NA
b0793	NA
b0794	NA
b0795	NA
b0796	NA
b0797	ATP-binding
b0797	Cytoplasm
b0797	Helicase
b0797	Hydrolase
b0797	Nucleotide-binding
b0797	RNA-binding
b0797	Reference proteome
b0797	Ribosome biogenesis
b0798	NA
b0799	3D-structure
b0799	4Fe-4S
b0799	ATP-binding
b0799	DNA damage
b0799	DNA recombination
b0799	DNA repair
b0799	DNA-binding
b0799	Helicase
b0799	Hydrolase
b0799	Iron
b0799	Iron-sulfur
b0799	Metal-binding
b0799	Nucleotide-binding
b0799	Reference proteome
b0800	NA
b0801	NA
b0802	NA
b0803	NA
b0804	NA
b0805	NA
b0806	NA
b0807	NA
b0808	NA
b0809	NA
b0810	NA
b0811	NA
b0812	NA
b0813	NA
b0814	NA
b0815	NA
b0817	NA
b0818	NA
b0819	NA
b0820	NA
b0821	NA
b0822	NA
b0823	NA
b0824	NA
b0825	NA
b0826	NA
b0827	NA
b0828	NA
b0829	NA
b0830	NA
b0831	NA
b0832	NA
b0833	NA
b0834	NA
b0835	NA
b0836	NA
b0837	NA
b0838	NA
b0839	NA
b0840	NA
b0841	NA
b0842	NA
b0843	NA
b0844	NA
b0845	NA
b0846	NA
b0847	NA
b0848	NA
b0849	NA
b0850	NA
b0851	NA
b0852	NA
b0853	NA
b0854	NA
b0855	NA
b0856	NA
b0857	NA
b0858	NA
b0859	NA
b0860	NA
b0861	NA
b0862	NA
b0863	NA
b0864	NA
b0865	NA
b0866	NA
b0867	NA
b0868	NA
b0869	NA
b0870	NA
b0871	NA
b0872	NA
b0873	NA
b0874	NA
b0875	NA
b0876	NA
b0877	NA
b0878	NA
b0879	NA
b0880	NA
b0881	NA
b0882	NA
b0884	NA
b0885	NA
b0886	NA
b0887	NA
b0888	NA
b0889	NA
b0890	3D-structure
b0890	ATP-binding
b0890	Cell cycle
b0890	Cell division
b0890	Cell inner membrane
b0890	Cell membrane
b0890	Chromosome partition
b0890	DNA-binding
b0890	Membrane
b0890	Nucleotide-binding
b0890	Reference proteome
b0890	Transmembrane
b0890	Transmembrane helix
b0891	NA
b0892	3D-structure
b0892	ATP-binding
b0892	DNA replication
b0892	Nucleotide-binding
b0892	Reference proteome
b0893	NA
b0894	NA
b0895	NA
b0896	NA
b0897	NA
b0898	NA
b0899	NA
b0900	NA
b0901	NA
b0902	NA
b0903	NA
b0904	NA
b0905	NA
b0906	NA
b0907	NA
b0908	NA
b0909	NA
b0910	NA
b0911	3D-structure
b0911	Acetylation
b0911	Chaperone
b0911	Cytoplasm
b0911	Direct protein sequencing
b0911	Phosphoprotein
b0911	RNA-binding
b0911	Reference proteome
b0911	Repeat
b0911	Repressor
b0911	Ribonucleoprotein
b0911	Ribosomal protein
b0912	3D-structure
b0912	Conjugation
b0912	Cytoplasm
b0912	DNA recombination
b0912	DNA-binding
b0912	Direct protein sequencing
b0912	Reference proteome
b0912	Transcription
b0912	Transcription regulation
b0912	Translation regulation
b0913	NA
b0914	NA
b0915	NA
b0916	NA
b0917	NA
b0918	NA
b0919	NA
b0920	NA
b0921	NA
b0922	NA
b0923	NA
b0924	NA
b0925	NA
b0926	NA
b0927	NA
b0928	NA
b0929	NA
b0930	NA
b0931	NA
b0932	NA
b0933	NA
b0934	NA
b0935	NA
b0936	NA
b0937	NA
b0938	NA
b0939	NA
b0940	NA
b0941	NA
b0942	NA
b0943	NA
b0944	NA
b0945	NA
b0946	NA
b0947	NA
b0948	NA
b0949	NA
b0950	NA
b0951	NA
b0952	NA
b0953	NA
b0954	NA
b0955	NA
b0956	NA
b0957	NA
b0958	NA
b0959	NA
b0960	NA
b0961	Cell inner membrane
b0961	Cell membrane
b0961	Membrane
b0961	Reference proteome
b0961	Transmembrane
b0961	Transmembrane helix
b0962	ATP-binding
b0962	DNA-binding
b0962	Direct protein sequencing
b0962	Helicase
b0962	Hydrolase
b0962	Nucleotide-binding
b0962	Reference proteome
b0963	3D-structure
b0963	Cytoplasm
b0963	Direct protein sequencing
b0963	Lyase
b0963	Reference proteome
b0964	NA
b0965	NA
b0966	NA
b0967	NA
b0968	NA
b0969	NA
b0970	NA
b0972	NA
b0973	NA
b0974	NA
b0975	NA
b0976	NA
b0977	NA
b0978	NA
b0979	NA
b0980	NA
b0981	NA
b0982	NA
b0983	NA
b0984	NA
b0985	NA
b0986	NA
b0987	NA
b0988	NA
b0989	NA
b0990	NA
b0991	NA
b0992	NA
b0993	NA
b0994	NA
b0995	NA
b0996	NA
b0997	NA
b0998	NA
b0999	NA
b1000	NA
b1001	NA
b1002	NA
b1003	NA
b1004	NA
b1006	NA
b1007	NA
b1008	NA
b1009	NA
b1010	NA
b1011	NA
b1012	NA
b1013	NA
b1014	NA
b1015	NA
b1018	NA
b1019	NA
b1020	NA
b1021	NA
b1022	NA
b1023	NA
b1024	NA
b1025	NA
b1026	NA
b1027	NA
b1028	NA
b1029	NA
b1033	NA
b1034	NA
b1035	NA
b1036	NA
b1037	NA
b1038	NA
b1039	NA
b1040	NA
b1041	NA
b1042	NA
b1043	NA
b1044	NA
b1045	NA
b1046	NA
b1047	NA
b1048	NA
b1049	NA
b1050	NA
b1051	NA
b1053	NA
b1054	NA
b1055	NA
b1056	NA
b1057	NA
b1058	NA
b1059	NA
b1060	NA
b1061	NA
b1062	NA
b1063	NA
b1064	NA
b1065	NA
b1066	NA
b1067	NA
b1068	NA
b1069	NA
b1070	NA
b1071	NA
b1072	NA
b1073	NA
b1074	NA
b1075	NA
b1076	NA
b1077	NA
b1078	NA
b1079	NA
b1080	NA
b1081	NA
b1082	NA
b1083	NA
b1084	3D-structure
b1084	Cell inner membrane
b1084	Cell membrane
b1084	Cytoplasm
b1084	Direct protein sequencing
b1084	Endonuclease
b1084	Hydrolase
b1084	Magnesium
b1084	Membrane
b1084	Metal-binding
b1084	Nuclease
b1084	RNA-binding
b1084	Reference proteome
b1084	Zinc
b1084	rRNA processing
b1084	rRNA-binding
b1084	tRNA processing
b1084	tRNA-binding
b1085	NA
b1086	NA
b1087	NA
b1088	NA
b1089	NA
b1090	NA
b1091	NA
b1092	NA
b1093	NA
b1094	NA
b1095	NA
b1096	NA
b1097	NA
b1098	NA
b1099	3D-structure
b1099	DNA replication
b1099	DNA-directed DNA polymerase
b1099	Nucleotidyltransferase
b1099	Reference proteome
b1099	Transferase
b1100	NA
b1101	NA
b1102	NA
b1103	NA
b1104	NA
b1105	NA
b1106	NA
b1107	NA
b1108	NA
b1109	NA
b1110	NA
b1111	NA
b1112	NA
b1113	NA
b1114	3D-structure
b1114	ATP-binding
b1114	Cytoplasm
b1114	DNA damage
b1114	DNA repair
b1114	DNA-binding
b1114	Helicase
b1114	Hydrolase
b1114	Nucleotide-binding
b1114	Reference proteome
b1115	NA
b1116	NA
b1117	NA
b1118	NA
b1119	NA
b1120	NA
b1121	NA
b1122	NA
b1123	NA
b1124	NA
b1125	NA
b1126	NA
b1127	NA
b1128	NA
b1129	NA
b1130	NA
b1131	NA
b1132	NA
b1133	NA
b1134	NA
b1135	NA
b1136	NA
b1137	NA
b1138	NA
b1139	NA
b1140	NA
b1141	NA
b1142	NA
b1143	NA
b1144	NA
b1145	NA
b1146	NA
b1147	NA
b1148	NA
b1149	NA
b1150	NA
b1151	NA
b1152	NA
b1153	NA
b1154	NA
b1155	NA
b1156	NA
b1157	NA
b1158	NA
b1159	NA
b1160	NA
b1161	NA
b1162	NA
b1163	NA
b1164	NA
b1165	NA
b1166	NA
b1167	NA
b1168	NA
b1171	NA
b1172	NA
b1174	NA
b1175	NA
b1176	NA
b1177	NA
b1178	NA
b1179	NA
b1180	NA
b1181	NA
b1182	NA
b1183	NA
b1184	NA
b1185	NA
b1186	NA
b1187	NA
b1188	NA
b1189	NA
b1190	NA
b1191	NA
b1192	NA
b1193	NA
b1194	NA
b1195	NA
b1196	NA
b1197	NA
b1198	NA
b1199	NA
b1200	NA
b1201	NA
b1202	NA
b1203	NA
b1204	NA
b1205	NA
b1206	NA
b1207	NA
b1208	NA
b1209	NA
b1210	NA
b1211	NA
b1212	NA
b1213	NA
b1214	NA
b1215	NA
b1216	NA
b1217	NA
b1218	NA
b1219	NA
b1220	NA
b1221	NA
b1222	NA
b1223	NA
b1224	NA
b1225	NA
b1226	NA
b1227	NA
b1228	NA
b1229	NA
b1232	NA
b1233	NA
b1234	NA
b1235	NA
b1236	NA
b1237	NA
b1238	NA
b1241	NA
b1242	NA
b1243	NA
b1244	NA
b1245	NA
b1246	NA
b1247	NA
b1248	NA
b1249	NA
b1250	NA
b1251	NA
b1252	NA
b1253	NA
b1254	NA
b1255	NA
b1256	NA
b1257	NA
b1258	NA
b1259	NA
b1260	NA
b1261	NA
b1262	NA
b1263	NA
b1264	NA
b1265	NA
b1266	NA
b1267	NA
b1268	NA
b1269	NA
b1270	NA
b1271	NA
b1272	NA
b1273	NA
b1274	NA
b1275	NA
b1276	NA
b1277	NA
b1278	NA
b1279	NA
b1280	NA
b1281	NA
b1282	NA
b1283	NA
b1284	NA
b1285	NA
b1286	NA
b1287	NA
b1288	NA
b1289	NA
b1290	NA
b1291	NA
b1292	NA
b1293	NA
b1294	NA
b1295	NA
b1296	NA
b1297	NA
b1298	NA
b1299	NA
b1300	NA
b1301	NA
b1302	NA
b1303	NA
b1304	NA
b1305	NA
b1306	NA
b1307	NA
b1308	NA
b1309	NA
b1310	NA
b1311	NA
b1312	NA
b1313	NA
b1314	NA
b1315	NA
b1316	NA
b1317	NA
b1319	NA
b1320	NA
b1321	NA
b1322	NA
b1323	NA
b1324	NA
b1325	NA
b1326	NA
b1327	NA
b1328	NA
b1329	NA
b1330	NA
b1331	NA
b1332	NA
b1333	NA
b1334	NA
b1335	NA
b1336	NA
b1337	NA
b1338	NA
b1339	NA
b1340	NA
b1341	NA
b1342	NA
b1343	ATP-binding
b1343	Cytoplasm
b1343	Helicase
b1343	Hydrolase
b1343	Nucleotide-binding
b1343	RNA-binding
b1343	Reference proteome
b1343	Ribosome biogenesis
b1344	NA
b1345	NA
b1346	NA
b1347	NA
b1348	NA
b1349	NA
b1350	NA
b1351	NA
b1352	NA
b1353	NA
b1355	NA
b1356	NA
b1357	NA
b1358	NA
b1359	NA
b1360	NA
b1361	NA
b1362	NA
b1363	NA
b1365	NA
b1366	NA
b1368	NA
b1370	NA
b1372	NA
b1373	NA
b1374	NA
b1375	NA
b1376	NA
b1377	NA
b1378	NA
b1379	NA
b1380	NA
b1381	NA
b1382	NA
b1383	NA
b1384	NA
b1385	NA
b1386	NA
b1387	NA
b1388	NA
b1389	NA
b1390	NA
b1391	NA
b1392	NA
b1393	NA
b1394	NA
b1395	NA
b1396	NA
b1397	NA
b1398	NA
b1399	NA
b1400	NA
b1402	NA
b1403	NA
b1404	NA
b1406	NA
b1407	NA
b1408	NA
b1409	NA
b1410	NA
b1411	NA
b1412	3D-structure
b1412	Direct protein sequencing
b1412	FMN
b1412	Flavoprotein
b1412	NAD
b1412	Oxidoreductase
b1412	Reference proteome
b1413	ATP-binding
b1413	Helicase
b1413	Hydrolase
b1413	Nucleotide-binding
b1413	Reference proteome
b1414	NA
b1415	NA
b1418	NA
b1419	NA
b1420	NA
b1421	NA
b1422	NA
b1423	NA
b1424	NA
b1426	NA
b1427	NA
b1428	NA
b1429	NA
b1430	NA
b1431	NA
b1432	NA
b1433	NA
b1434	NA
b1435	NA
b1436	NA
b1438	NA
b1439	NA
b1440	NA
b1441	NA
b1442	NA
b1443	NA
b1444	NA
b1445	NA
b1446	NA
b1447	NA
b1448	NA
b1449	NA
b1450	NA
b1451	NA
b1452	NA
b1453	NA
b1454	NA
b1455	NA
b1456	NA
b1457	NA
b1459	NA
b1460	NA
b1461	NA
b1462	NA
b1463	NA
b1464	NA
b1465	NA
b1466	NA
b1467	NA
b1468	NA
b1469	NA
b1470	NA
b1471	NA
b1472	NA
b1473	NA
b1474	NA
b1475	NA
b1476	NA
b1477	NA
b1478	NA
b1479	NA
b1480	NA
b1481	NA
b1482	NA
b1483	NA
b1484	NA
b1485	NA
b1486	NA
b1487	NA
b1488	NA
b1489	NA
b1490	NA
b1491	NA
b1492	NA
b1493	NA
b1494	NA
b1495	NA
b1496	NA
b1497	NA
b1498	NA
b1499	NA
b1500	NA
b1501	NA
b1502	NA
b1503	NA
b1504	NA
b1505	NA
b1506	NA
b1507	NA
b1508	NA
b1509	NA
b1510	NA
b1511	NA
b1512	NA
b1513	NA
b1514	NA
b1515	NA
b1516	NA
b1517	NA
b1518	NA
b1519	NA
b1520	NA
b1521	NA
b1522	NA
b1523	NA
b1524	NA
b1525	NA
b1526	NA
b1527	NA
b1528	NA
b1529	NA
b1530	NA
b1531	NA
b1532	NA
b1533	NA
b1534	NA
b1535	NA
b1536	NA
b1537	NA
b1538	NA
b1539	NA
b1540	NA
b1541	NA
b1542	NA
b1543	NA
b1544	NA
b1545	NA
b1546	NA
b1547	NA
b1548	NA
b1549	NA
b1550	NA
b1551	NA
b1552	NA
b1553	NA
b1554	NA
b1555	NA
b1556	NA
b1557	NA
b1558	NA
b1559	NA
b1560	NA
b1561	NA
b1562	NA
b1563	NA
b1564	NA
b1565	NA
b1566	NA
b1567	NA
b1568	NA
b1569	NA
b1570	NA
b1571	NA
b1572	NA
b1573	NA
b1575	NA
b1576	NA
b1577	NA
b1578	NA
b1579	NA
b1580	NA
b1581	NA
b1582	NA
b1583	NA
b1584	NA
b1585	NA
b1586	NA
b1587	NA
b1588	NA
b1589	NA
b1590	NA
b1591	NA
b1592	NA
b1593	NA
b1594	NA
b1595	NA
b1596	NA
b1597	NA
b1598	NA
b1599	NA
b1600	NA
b1601	NA
b1602	NA
b1603	NA
b1604	NA
b1605	NA
b1606	NA
b1607	NA
b1608	NA
b1609	NA
b1610	NA
b1611	NA
b1612	NA
b1613	NA
b1614	NA
b1615	NA
b1616	NA
b1617	NA
b1618	NA
b1619	NA
b1620	NA
b1621	NA
b1622	NA
b1623	NA
b1624	NA
b1625	NA
b1626	NA
b1627	NA
b1628	NA
b1629	NA
b1630	NA
b1631	NA
b1632	NA
b1633	NA
b1634	NA
b1635	NA
b1636	NA
b1637	NA
b1638	NA
b1639	NA
b1640	NA
b1641	NA
b1642	NA
b1643	NA
b1644	NA
b1645	NA
b1646	NA
b1647	NA
b1648	NA
b1649	NA
b1650	NA
b1651	NA
b1652	NA
b1653	ATP-binding
b1653	Helicase
b1653	Hydrolase
b1653	Nucleotide-binding
b1653	Reference proteome
b1654	2Fe-2S
b1654	3D-structure
b1654	Cytoplasm
b1654	Iron
b1654	Iron-sulfur
b1654	Metal-binding
b1654	Redox-active center
b1654	Reference proteome
b1655	NA
b1656	NA
b1657	NA
b1658	NA
b1659	NA
b1660	NA
b1661	NA
b1662	NA
b1663	NA
b1664	NA
b1667	NA
b1668	NA
b1669	NA
b1670	NA
b1671	NA
b1672	NA
b1673	NA
b1674	NA
b1675	NA
b1676	NA
b1677	NA
b1678	NA
b1679	NA
b1680	NA
b1681	NA
b1682	NA
b1683	NA
b1684	NA
b1685	NA
b1686	NA
b1687	NA
b1688	NA
b1689	NA
b1690	NA
b1691	NA
b1693	NA
b1694	NA
b1695	NA
b1696	NA
b1697	NA
b1698	NA
b1699	NA
b1700	NA
b1701	NA
b1702	NA
b1703	NA
b1704	NA
b1705	NA
b1706	NA
b1707	NA
b1708	NA
b1709	NA
b1710	NA
b1711	NA
b1712	3D-structure
b1712	Conjugation
b1712	Cytoplasm
b1712	DNA recombination
b1712	DNA-binding
b1712	Direct protein sequencing
b1712	Reference proteome
b1712	Transcription
b1712	Transcription regulation
b1712	Translation regulation
b1713	NA
b1714	NA
b1715	NA
b1716	NA
b1717	NA
b1718	NA
b1719	NA
b1722	NA
b1723	NA
b1724	NA
b1725	NA
b1726	NA
b1727	NA
b1728	NA
b1729	NA
b1730	NA
b1731	NA
b1732	NA
b1733	NA
b1734	NA
b1735	NA
b1736	NA
b1737	NA
b1738	NA
b1739	NA
b1740	NA
b1741	NA
b1742	NA
b1743	NA
b1744	NA
b1745	NA
b1746	NA
b1747	NA
b1748	NA
b1749	NA
b1750	NA
b1751	NA
b1752	NA
b1753	NA
b1754	NA
b1755	NA
b1756	NA
b1757	NA
b1758	NA
b1759	NA
b1760	NA
b1761	NA
b1762	NA
b1763	NA
b1764	NA
b1765	NA
b1766	NA
b1767	NA
b1768	NA
b1769	NA
b1770	NA
b1771	NA
b1772	NA
b1773	NA
b1774	NA
b1775	NA
b1776	NA
b1777	NA
b1778	NA
b1779	NA
b1780	NA
b1781	NA
b1782	NA
b1783	NA
b1784	NA
b1785	NA
b1786	NA
b1787	NA
b1788	NA
b1789	NA
b1790	NA
b1791	NA
b1792	NA
b1793	NA
b1794	NA
b1795	NA
b1796	NA
b1797	NA
b1798	NA
b1799	NA
b1800	NA
b1801	NA
b1802	NA
b1803	NA
b1804	NA
b1805	NA
b1806	NA
b1807	NA
b1808	ATP-binding
b1808	DNA damage
b1808	DNA repair
b1808	DNA-binding
b1808	Helicase
b1808	Hydrolase
b1808	Iron
b1808	Iron-sulfur
b1808	Metal-binding
b1808	Nucleotide-binding
b1808	Reference proteome
b1809	NA
b1810	NA
b1811	NA
b1812	NA
b1813	NA
b1814	NA
b1815	NA
b1816	NA
b1817	NA
b1818	NA
b1819	NA
b1820	NA
b1821	NA
b1822	NA
b1823	NA
b1824	NA
b1825	NA
b1826	NA
b1827	NA
b1828	NA
b1829	NA
b1830	NA
b1831	NA
b1832	NA
b1833	NA
b1834	NA
b1835	NA
b1836	NA
b1837	NA
b1838	NA
b1839	NA
b1840	NA
b1841	NA
b1842	NA
b1843	NA
b1844	NA
b1845	NA
b1846	NA
b1847	NA
b1848	NA
b1849	NA
b1850	NA
b1851	NA
b1852	NA
b1853	NA
b1854	NA
b1855	NA
b1856	NA
b1857	NA
b1858	NA
b1859	NA
b1860	ATP-binding
b1860	Cytoplasm
b1860	DNA damage
b1860	DNA recombination
b1860	DNA repair
b1860	Helicase
b1860	Hydrolase
b1860	Nucleotide-binding
b1860	Reference proteome
b1860	SOS response
b1861	3D-structure
b1861	ATP-binding
b1861	Cytoplasm
b1861	DNA damage
b1861	DNA recombination
b1861	DNA repair
b1861	DNA-binding
b1861	Helicase
b1861	Hydrolase
b1861	Nucleotide-binding
b1861	Reference proteome
b1861	SOS response
b1862	NA
b1863	NA
b1864	NA
b1865	NA
b1866	NA
b1867	NA
b1868	NA
b1869	NA
b1870	NA
b1871	NA
b1872	NA
b1873	NA
b1874	NA
b1875	NA
b1876	NA
b1877	NA
b1878	NA
b1879	NA
b1880	NA
b1881	NA
b1882	NA
b1883	NA
b1884	NA
b1885	NA
b1886	NA
b1887	NA
b1888	NA
b1889	NA
b1890	NA
b1891	NA
b1892	NA
b1893	NA
b1894	NA
b1895	NA
b1896	NA
b1897	NA
b1900	NA
b1901	NA
b1902	NA
b1904	NA
b1905	NA
b1906	NA
b1907	NA
b1908	NA
b1912	NA
b1913	NA
b1914	NA
b1915	NA
b1916	NA
b1917	NA
b1918	NA
b1919	NA
b1920	NA
b1921	NA
b1922	NA
b1923	NA
b1924	NA
b1925	NA
b1926	NA
b1927	NA
b1928	NA
b1929	NA
b1930	NA
b1931	NA
b1932	NA
b1935	NA
b1936	NA
b1937	NA
b1938	NA
b1939	NA
b1940	NA
b1941	NA
b1942	NA
b1943	NA
b1944	NA
b1945	NA
b1946	NA
b1947	NA
b1948	NA
b1949	NA
b1950	NA
b1951	NA
b1952	NA
b1953	NA
b1955	NA
b1956	NA
b1957	NA
b1958	NA
b1959	NA
b1960	NA
b1961	NA
b1962	NA
b1963	NA
b1967	NA
b1968	NA
b1969	NA
b1970	NA
b1971	NA
b1972	NA
b1973	NA
b1974	NA
b1976	NA
b1978	NA
b1981	NA
b1982	NA
b1983	NA
b1985	NA
b1987	NA
b1988	NA
b1990	NA
b1991	NA
b1992	NA
b1993	NA
b1994	NA
b1996	NA
b1997	NA
b1999	NA
b2000	NA
b2001	NA
b2002	NA
b2003	NA
b2004	NA
b2005	NA
b2006	NA
b2007	NA
b2008	NA
b2009	NA
b2010	NA
b2011	NA
b2012	NA
b2013	NA
b2014	NA
b2015	NA
b2016	NA
b2017	NA
b2018	NA
b2019	NA
b2020	NA
b2021	NA
b2022	NA
b2023	NA
b2024	NA
b2025	NA
b2026	NA
b2027	NA
b2028	NA
b2029	NA
b2030	NA
b2032	NA
b2033	NA
b2034	NA
b2035	NA
b2036	NA
b2037	NA
b2038	NA
b2039	NA
b2040	NA
b2041	NA
b2042	NA
b2043	NA
b2044	NA
b2045	NA
b2046	NA
b2047	NA
b2048	NA
b2049	NA
b2050	NA
b2051	NA
b2052	NA
b2053	NA
b2054	NA
b2055	NA
b2056	NA
b2057	NA
b2058	NA
b2059	NA
b2060	NA
b2061	NA
b2062	NA
b2063	NA
b2064	NA
b2065	NA
b2066	NA
b2067	NA
b2068	NA
b2069	NA
b2070	NA
b2071	NA
b2072	NA
b2073	NA
b2074	NA
b2075	NA
b2076	NA
b2077	NA
b2078	NA
b2079	NA
b2080	NA
b2081	NA
b2082	NA
b2085	NA
b2086	NA
b2088	NA
b2089	NA
b2091	NA
b2092	NA
b2093	NA
b2094	NA
b2095	NA
b2096	NA
b2097	NA
b2098	NA
b2099	NA
b2100	NA
b2101	NA
b2102	NA
b2103	NA
b2104	NA
b2105	NA
b2106	NA
b2107	NA
b2108	NA
b2109	NA
b2110	NA
b2111	NA
b2112	NA
b2113	NA
b2114	NA
b2115	NA
b2118	NA
b2119	NA
b2120	NA
b2121	NA
b2122	NA
b2123	NA
b2124	NA
b2125	NA
b2126	NA
b2127	NA
b2128	NA
b2129	NA
b2130	NA
b2131	NA
b2132	NA
b2133	NA
b2134	NA
b2135	NA
b2136	NA
b2137	NA
b2139	NA
b2140	NA
b2141	NA
b2142	NA
b2143	NA
b2144	NA
b2145	NA
b2146	NA
b2147	NA
b2148	NA
b2149	NA
b2150	NA
b2151	NA
b2152	NA
b2153	NA
b2154	NA
b2155	NA
b2156	NA
b2157	NA
b2158	NA
b2159	NA
b2160	NA
b2161	NA
b2162	NA
b2163	NA
b2164	NA
b2165	NA
b2166	NA
b2167	NA
b2168	NA
b2169	NA
b2170	NA
b2171	NA
b2172	NA
b2173	NA
b2174	NA
b2175	NA
b2176	NA
b2177	NA
b2178	NA
b2179	NA
b2180	NA
b2181	NA
b2182	NA
b2183	NA
b2184	3D-structure
b2184	ATP-binding
b2184	DNA damage
b2184	DNA repair
b2184	DNA-binding
b2184	Helicase
b2184	Hydrolase
b2184	Metal-binding
b2184	Nucleotide-binding
b2184	Reference proteome
b2184	Zinc
b2185	NA
b2186	NA
b2187	NA
b2188	NA
b2190	NA
b2192	NA
b2193	NA
b2194	NA
b2195	NA
b2196	NA
b2197	NA
b2198	NA
b2199	NA
b2200	NA
b2201	NA
b2202	NA
b2203	NA
b2204	NA
b2205	NA
b2206	NA
b2207	NA
b2208	NA
b2209	NA
b2210	NA
b2211	NA
b2212	NA
b2213	NA
b2214	NA
b2215	NA
b2216	NA
b2217	NA
b2218	NA
b2219	NA
b2220	NA
b2221	NA
b2222	NA
b2223	NA
b2224	NA
b2225	NA
b2226	NA
b2229	NA
b2230	NA
b2231	NA
b2232	NA
b2233	NA
b2234	NA
b2235	NA
b2236	NA
b2237	NA
b2238	NA
b2239	NA
b2240	NA
b2241	NA
b2242	NA
b2243	NA
b2244	NA
b2245	NA
b2246	NA
b2247	NA
b2248	NA
b2249	NA
b2250	NA
b2251	NA
b2252	NA
b2253	NA
b2254	NA
b2255	NA
b2256	NA
b2257	NA
b2258	NA
b2259	NA
b2260	NA
b2261	NA
b2262	NA
b2263	NA
b2264	NA
b2265	NA
b2266	NA
b2267	NA
b2268	NA
b2269	NA
b2270	NA
b2271	NA
b2272	NA
b2273	NA
b2274	NA
b2275	NA
b2276	NA
b2277	NA
b2278	NA
b2279	NA
b2280	NA
b2281	NA
b2282	NA
b2283	NA
b2284	NA
b2285	NA
b2286	NA
b2287	NA
b2288	NA
b2289	NA
b2290	NA
b2291	NA
b2292	NA
b2293	NA
b2294	NA
b2295	NA
b2296	NA
b2297	NA
b2298	NA
b2299	NA
b2300	NA
b2301	NA
b2302	NA
b2303	NA
b2304	NA
b2305	NA
b2306	NA
b2307	NA
b2308	NA
b2309	NA
b2310	NA
b2311	NA
b2312	NA
b2313	NA
b2314	NA
b2315	NA
b2316	NA
b2317	NA
b2318	NA
b2319	NA
b2320	NA
b2321	NA
b2322	NA
b2323	NA
b2324	NA
b2325	NA
b2326	NA
b2327	NA
b2328	NA
b2329	NA
b2330	NA
b2331	NA
b2332	NA
b2333	NA
b2334	NA
b2335	NA
b2336	NA
b2339	NA
b2340	NA
b2341	NA
b2342	NA
b2343	NA
b2344	NA
b2345	NA
b2346	NA
b2347	NA
b2349	NA
b2350	NA
b2351	NA
b2352	NA
b2353	NA
b2354	NA
b2355	NA
b2356	NA
b2357	NA
b2358	NA
b2359	NA
b2360	NA
b2361	NA
b2362	NA
b2363	NA
b2364	NA
b2365	NA
b2366	NA
b2367	NA
b2368	NA
b2369	NA
b2370	NA
b2371	NA
b2372	NA
b2373	NA
b2374	NA
b2375	NA
b2376	NA
b2377	NA
b2378	NA
b2379	NA
b2380	NA
b2381	NA
b2382	NA
b2383	NA
b2384	NA
b2385	NA
b2386	NA
b2387	NA
b2388	NA
b2389	NA
b2390	NA
b2392	NA
b2393	NA
b2394	NA
b2395	NA
b2398	NA
b2399	NA
b2400	NA
b2405	NA
b2406	NA
b2407	NA
b2408	NA
b2409	NA
b2410	NA
b2411	NA
b2412	NA
b2413	NA
b2414	NA
b2415	NA
b2416	NA
b2417	NA
b2418	NA
b2419	NA
b2420	NA
b2421	NA
b2422	NA
b2423	NA
b2424	NA
b2425	NA
b2426	NA
b2427	NA
b2428	NA
b2429	NA
b2430	NA
b2431	NA
b2432	NA
b2433	NA
b2434	NA
b2435	NA
b2436	NA
b2437	NA
b2438	NA
b2439	NA
b2440	NA
b2441	NA
b2442	NA
b2443	NA
b2444	NA
b2445	NA
b2446	NA
b2447	NA
b2448	NA
b2449	NA
b2450	NA
b2451	NA
b2452	NA
b2453	NA
b2454	NA
b2455	NA
b2456	NA
b2457	NA
b2458	NA
b2459	NA
b2460	NA
b2461	NA
b2462	NA
b2463	NA
b2464	NA
b2465	NA
b2466	NA
b2467	NA
b2468	NA
b2469	NA
b2470	NA
b2471	NA
b2472	NA
b2473	NA
b2474	3D-structure
b2474	ATP-binding
b2474	Acyltransferase
b2474	Cytoplasm
b2474	Nucleotide-binding
b2474	RNA-binding
b2474	Reference proteome
b2474	Transferase
b2474	tRNA processing
b2474	tRNA-binding
b2475	NA
b2476	NA
b2477	NA
b2478	NA
b2479	NA
b2480	NA
b2481	NA
b2482	NA
b2483	NA
b2484	NA
b2485	NA
b2486	NA
b2487	NA
b2488	NA
b2489	NA
b2490	NA
b2491	NA
b2492	NA
b2493	NA
b2494	NA
b2495	NA
b2496	NA
b2497	NA
b2498	NA
b2499	NA
b2500	NA
b2501	NA
b2502	NA
b2503	NA
b2504	NA
b2505	NA
b2506	NA
b2507	NA
b2508	NA
b2509	NA
b2510	NA
b2511	NA
b2512	NA
b2513	NA
b2514	NA
b2515	NA
b2516	NA
b2517	NA
b2518	NA
b2519	NA
b2520	NA
b2521	NA
b2522	NA
b2523	NA
b2524	NA
b2525	NA
b2526	NA
b2527	NA
b2528	NA
b2529	NA
b2530	NA
b2531	NA
b2532	NA
b2533	3D-structure
b2533	Chaperone
b2533	Cytoplasm
b2533	Hydrolase
b2533	Magnesium
b2533	Metal-binding
b2533	RNA-binding
b2533	Reference proteome
b2533	Ribosome biogenesis
b2533	Transcription
b2533	Transcription antitermination
b2533	Transcription regulation
b2534	NA
b2535	NA
b2536	NA
b2537	NA
b2538	NA
b2539	NA
b2540	NA
b2541	NA
b2542	NA
b2543	NA
b2544	NA
b2545	NA
b2546	NA
b2547	NA
b2548	NA
b2549	NA
b2550	NA
b2551	NA
b2552	NA
b2553	NA
b2554	NA
b2555	NA
b2556	NA
b2557	NA
b2558	NA
b2559	NA
b2560	NA
b2561	NA
b2562	NA
b2563	NA
b2564	NA
b2565	NA
b2566	NA
b2567	NA
b2568	NA
b2569	NA
b2570	NA
b2571	NA
b2572	NA
b2573	NA
b2574	NA
b2575	NA
b2576	3D-structure
b2576	ATP-binding
b2576	Cytoplasm
b2576	Helicase
b2576	Hydrolase
b2576	Nucleotide-binding
b2576	RNA-binding
b2576	Reference proteome
b2576	Ribosome biogenesis
b2577	NA
b2578	NA
b2579	NA
b2580	NA
b2581	NA
b2582	NA
b2583	NA
b2584	NA
b2585	NA
b2586	NA
b2587	NA
b2592	NA
b2593	NA
b2594	NA
b2595	NA
b2597	NA
b2598	NA
b2599	NA
b2600	NA
b2601	NA
b2602	NA
b2603	NA
b2604	NA
b2605	NA
b2606	NA
b2607	NA
b2608	NA
b2609	NA
b2610	NA
b2611	NA
b2614	NA
b2615	NA
b2616	NA
b2617	NA
b2618	NA
b2619	NA
b2620	NA
b2622	NA
b2623	NA
b2624	NA
b2625	NA
b2626	NA
b2627	Reference proteome
b2628	NA
b2629	NA
b2630	NA
b2631	NA
b2632	NA
b2633	NA
b2634	NA
b2635	NA
b2636	NA
b2637	NA
b2638	NA
b2642	NA
b2643	NA
b2644	NA
b2645	NA
b2646	NA
b2647	NA
b2648	NA
b2649	NA
b2650	NA
b2659	NA
b2660	NA
b2661	NA
b2662	NA
b2663	NA
b2664	NA
b2665	NA
b2666	NA
b2667	NA
b2668	NA
b2669	NA
b2670	NA
b2671	NA
b2672	NA
b2673	NA
b2674	NA
b2675	NA
b2676	NA
b2677	NA
b2678	NA
b2679	NA
b2681	NA
b2682	NA
b2683	NA
b2684	NA
b2685	NA
b2686	NA
b2687	NA
b2688	NA
b2689	NA
b2690	NA
b2696	NA
b2697	NA
b2698	NA
b2699	NA
b2700	NA
b2701	NA
b2702	NA
b2703	NA
b2704	NA
b2705	NA
b2706	NA
b2707	NA
b2708	NA
b2709	NA
b2710	NA
b2711	NA
b2712	NA
b2713	NA
b2714	NA
b2715	NA
b2716	NA
b2717	NA
b2718	NA
b2719	NA
b2720	NA
b2721	NA
b2722	NA
b2723	NA
b2724	NA
b2725	NA
b2726	NA
b2727	NA
b2728	NA
b2729	NA
b2730	NA
b2731	NA
b2732	NA
b2733	NA
b2734	NA
b2735	NA
b2736	NA
b2737	NA
b2738	NA
b2739	NA
b2740	NA
b2741	NA
b2742	NA
b2743	NA
b2744	NA
b2745	NA
b2746	NA
b2747	NA
b2748	NA
b2749	NA
b2750	NA
b2751	NA
b2752	NA
b2753	NA
b2754	NA
b2755	NA
b2756	3D-structure
b2756	Antiviral defense
b2756	Endonuclease
b2756	Hydrolase
b2756	Nuclease
b2756	RNA-binding
b2756	Reference proteome
b2757	3D-structure
b2757	Antiviral defense
b2757	Reference proteome
b2758	3D-structure
b2758	Antiviral defense
b2758	RNA-binding
b2758	Reference proteome
b2759	NA
b2760	NA
b2761	ATP-binding
b2761	Antiviral defense
b2761	DNA-binding
b2761	Endonuclease
b2761	Exonuclease
b2761	Helicase
b2761	Hydrolase
b2761	Magnesium
b2761	Metal-binding
b2761	Nuclease
b2761	Nucleotide-binding
b2761	Reference proteome
b2762	NA
b2763	NA
b2764	NA
b2765	NA
b2766	NA
b2767	NA
b2768	NA
b2769	NA
b2770	NA
b2771	NA
b2774	NA
b2775	NA
b2776	NA
b2777	NA
b2778	NA
b2779	3D-structure
b2779	Acetylation
b2779	Cytoplasm
b2779	Cytoskeleton
b2779	Direct protein sequencing
b2779	Glycolysis
b2779	Lyase
b2779	Magnesium
b2779	Metal-binding
b2779	Reference proteome
b2779	Secreted
b2780	NA
b2781	NA
b2782	NA
b2783	NA
b2784	NA
b2785	NA
b2786	NA
b2787	NA
b2788	NA
b2789	NA
b2790	NA
b2791	NA
b2792	NA
b2793	NA
b2794	NA
b2795	NA
b2796	NA
b2797	NA
b2798	NA
b2799	NA
b2800	NA
b2801	NA
b2802	NA
b2803	NA
b2804	NA
b2805	NA
b2806	NA
b2807	NA
b2808	NA
b2809	NA
b2810	NA
b2811	NA
b2812	NA
b2813	NA
b2817	NA
b2818	NA
b2819	3D-structure
b2819	ATP-binding
b2819	DNA damage
b2819	DNA repair
b2819	DNA-binding
b2819	Direct protein sequencing
b2819	Exonuclease
b2819	Helicase
b2819	Hydrolase
b2819	Nuclease
b2819	Nucleotide-binding
b2819	Reference proteome
b2820	3D-structure
b2820	ATP-binding
b2820	DNA damage
b2820	DNA repair
b2820	DNA-binding
b2820	Direct protein sequencing
b2820	Exonuclease
b2820	Helicase
b2820	Hydrolase
b2820	Magnesium
b2820	Metal-binding
b2820	Nuclease
b2820	Nucleotide-binding
b2820	Reference proteome
b2821	NA
b2822	3D-structure
b2822	ATP-binding
b2822	DNA damage
b2822	DNA repair
b2822	DNA-binding
b2822	Direct protein sequencing
b2822	Exonuclease
b2822	Helicase
b2822	Hydrolase
b2822	Nuclease
b2822	Nucleotide-binding
b2822	Reference proteome
b2823	NA
b2824	NA
b2825	NA
b2826	NA
b2827	NA
b2828	NA
b2829	NA
b2830	NA
b2831	NA
b2832	NA
b2833	NA
b2834	NA
b2835	NA
b2836	NA
b2837	NA
b2838	NA
b2839	NA
b2840	NA
b2841	NA
b2842	NA
b2843	NA
b2844	NA
b2845	NA
b2846	NA
b2847	NA
b2848	NA
b2849	NA
b2850	NA
b2851	NA
b2852	NA
b2853	NA
b2854	NA
b2856	NA
b2858	NA
b2859	NA
b2860	NA
b2861	NA
b2862	NA
b2863	NA
b2865	NA
b2866	NA
b2867	NA
b2868	NA
b2869	NA
b2870	NA
b2871	NA
b2872	NA
b2873	NA
b2874	NA
b2875	NA
b2876	NA
b2877	NA
b2878	NA
b2879	NA
b2880	NA
b2881	NA
b2882	NA
b2883	NA
b2886	NA
b2887	NA
b2888	NA
b2889	NA
b2890	NA
b2891	NA
b2892	NA
b2893	NA
b2894	NA
b2895	NA
b2896	NA
b2897	NA
b2898	NA
b2899	NA
b2900	NA
b2901	NA
b2902	NA
b2903	NA
b2904	NA
b2905	NA
b2906	NA
b2907	NA
b2908	NA
b2909	NA
b2910	NA
b2912	NA
b2913	NA
b2914	NA
b2915	NA
b2916	NA
b2917	NA
b2918	NA
b2919	NA
b2920	NA
b2921	NA
b2922	NA
b2923	NA
b2924	NA
b2925	NA
b2926	NA
b2927	NA
b2928	NA
b2929	NA
b2930	NA
b2933	NA
b2934	NA
b2935	NA
b2936	NA
b2937	NA
b2938	NA
b2939	NA
b2940	NA
b2941	NA
b2942	NA
b2943	NA
b2944	NA
b2945	NA
b2946	NA
b2947	NA
b2948	NA
b2949	NA
b2950	NA
b2951	NA
b2952	NA
b2953	NA
b2954	NA
b2955	NA
b2956	NA
b2957	NA
b2958	NA
b2959	NA
b2960	NA
b2961	NA
b2962	NA
b2963	NA
b2964	NA
b2965	NA
b2966	NA
b2968	NA
b2969	NA
b2970	NA
b2971	NA
b2972	NA
b2975	NA
b2976	NA
b2977	NA
b2979	NA
b2980	NA
b2981	NA
b2982	NA
b2983	NA
b2984	NA
b2985	NA
b2986	NA
b2987	NA
b2988	NA
b2989	NA
b2990	NA
b2991	NA
b2992	NA
b2993	NA
b2994	NA
b2995	NA
b2996	NA
b2997	NA
b2998	NA
b3001	NA
b3002	NA
b3003	NA
b3005	NA
b3006	NA
b3008	NA
b3009	NA
b3010	NA
b3011	NA
b3012	NA
b3013	NA
b3014	NA
b3017	NA
b3018	NA
b3019	NA
b3020	NA
b3021	NA
b3022	NA
b3023	NA
b3024	NA
b3025	NA
b3026	NA
b3027	NA
b3028	NA
b3029	NA
b3030	NA
b3031	NA
b3032	NA
b3033	NA
b3034	NA
b3035	NA
b3036	NA
b3037	NA
b3038	NA
b3039	NA
b3040	NA
b3041	NA
b3042	NA
b3043	NA
b3044	NA
b3045	NA
b3046	NA
b3047	NA
b3048	NA
b3049	NA
b3050	NA
b3051	NA
b3052	NA
b3053	NA
b3054	NA
b3055	NA
b3056	NA
b3057	NA
b3058	NA
b3059	NA
b3060	NA
b3061	NA
b3062	NA
b3063	NA
b3064	NA
b3065	NA
b3066	3D-structure
b3066	DNA replication
b3066	DNA-binding
b3066	DNA-directed RNA polymerase
b3066	Magnesium
b3066	Metal-binding
b3066	Nucleotidyltransferase
b3066	Primosome
b3066	Reference proteome
b3066	Transcription
b3066	Transferase
b3066	Zinc
b3066	Zinc-finger
b3067	NA
b3068	NA
b3070	NA
b3071	NA
b3072	NA
b3073	NA
b3074	NA
b3075	NA
b3076	NA
b3077	NA
b3078	NA
b3079	NA
b3080	NA
b3081	NA
b3082	NA
b3083	NA
b3084	NA
b3085	NA
b3086	NA
b3087	NA
b3088	NA
b3089	NA
b3090	NA
b3091	NA
b3092	NA
b3093	NA
b3094	NA
b3095	NA
b3096	NA
b3097	NA
b3098	NA
b3099	NA
b3100	NA
b3101	NA
b3102	NA
b3103	NA
b3104	NA
b3105	NA
b3106	NA
b3107	NA
b3110	NA
b3113	NA
b3114	NA
b3115	NA
b3116	NA
b3117	NA
b3118	NA
b3119	NA
b3120	NA
b3121	NA
b3124	NA
b3125	NA
b3126	NA
b3127	NA
b3128	NA
b3129	NA
b3130	NA
b3131	NA
b3132	NA
b3133	NA
b3134	NA
b3135	NA
b3136	NA
b3137	NA
b3138	NA
b3139	NA
b3140	NA
b3141	NA
b3142	NA
b3143	NA
b3144	NA
b3145	NA
b3146	NA
b3147	NA
b3148	NA
b3149	NA
b3150	NA
b3151	NA
b3152	NA
b3153	NA
b3154	NA
b3155	NA
b3156	NA
b3157	NA
b3158	NA
b3159	NA
b3160	NA
b3161	NA
b3162	3D-structure
b3162	ATP-binding
b3162	Cytoplasm
b3162	Direct protein sequencing
b3162	Helicase
b3162	Hydrolase
b3162	Nucleotide-binding
b3162	RNA-binding
b3162	Reference proteome
b3162	Stress response
b3163	3D-structure
b3163	Cell cycle
b3163	Cell division
b3163	Cell membrane
b3163	Direct protein sequencing
b3163	Lipoprotein
b3163	Membrane
b3163	Palmitate
b3163	Reference proteome
b3163	Repeat
b3163	Signal
b3163	TPR repeat
b3164	3D-structure
b3164	Cytoplasm
b3164	Direct protein sequencing
b3164	Magnesium
b3164	Metal-binding
b3164	Nucleotidyltransferase
b3164	RNA-binding
b3164	Reference proteome
b3164	Stress response
b3164	Transferase
b3165	NA
b3166	NA
b3167	NA
b3168	NA
b3169	NA
b3170	NA
b3172	NA
b3173	NA
b3175	NA
b3176	NA
b3177	NA
b3178	NA
b3179	NA
b3180	NA
b3181	NA
b3182	NA
b3183	NA
b3184	NA
b3185	NA
b3186	NA
b3187	NA
b3188	NA
b3189	NA
b3190	NA
b3191	NA
b3192	NA
b3193	NA
b3194	NA
b3195	NA
b3196	NA
b3197	NA
b3198	NA
b3199	NA
b3200	NA
b3201	NA
b3202	NA
b3203	NA
b3204	NA
b3205	NA
b3206	NA
b3207	NA
b3208	NA
b3209	NA
b3210	NA
b3211	NA
b3212	NA
b3213	NA
b3214	NA
b3215	NA
b3216	NA
b3218	NA
b3219	NA
b3220	NA
b3221	NA
b3222	NA
b3223	NA
b3224	NA
b3225	NA
b3226	NA
b3227	NA
b3228	NA
b3229	NA
b3230	NA
b3231	NA
b3232	NA
b3233	NA
b3234	NA
b3235	NA
b3236	NA
b3237	NA
b3238	NA
b3239	NA
b3240	NA
b3241	NA
b3242	NA
b3243	NA
b3244	NA
b3247	NA
b3248	NA
b3249	NA
b3250	NA
b3251	NA
b3252	NA
b3253	NA
b3255	NA
b3256	NA
b3257	NA
b3258	NA
b3259	NA
b3260	NA
b3261	NA
b3262	NA
b3263	NA
b3264	NA
b3265	NA
b3266	NA
b3267	NA
b3268	NA
b3269	NA
b3270	NA
b3271	NA
b3279	NA
b3280	NA
b3281	NA
b3282	NA
b3283	NA
b3284	NA
b3287	NA
b3288	NA
b3289	NA
b3290	NA
b3291	NA
b3292	NA
b3293	NA
b3294	NA
b3295	NA
b3296	3D-structure
b3296	Antibiotic resistance
b3296	Direct protein sequencing
b3296	RNA-binding
b3296	Reference proteome
b3296	Repressor
b3296	Ribonucleoprotein
b3296	Ribosomal protein
b3296	Ribosome biogenesis
b3296	Transcription
b3296	Transcription antitermination
b3296	Transcription regulation
b3296	Transcription termination
b3296	Translation regulation
b3296	rRNA-binding
b3297	NA
b3298	NA
b3299	NA
b3300	NA
b3301	NA
b3302	NA
b3303	3D-structure
b3303	Acetylation
b3303	Antibiotic resistance
b3303	Direct protein sequencing
b3303	RNA-binding
b3303	Reference proteome
b3303	Ribonucleoprotein
b3303	Ribosomal protein
b3303	rRNA-binding
b3304	NA
b3305	NA
b3306	NA
b3307	NA
b3308	NA
b3309	NA
b3310	NA
b3311	NA
b3312	NA
b3313	NA
b3314	3D-structure
b3314	Direct protein sequencing
b3314	RNA-binding
b3314	Reference proteome
b3314	Ribonucleoprotein
b3314	Ribosomal protein
b3314	rRNA-binding
b3315	NA
b3316	NA
b3317	NA
b3318	NA
b3319	NA
b3320	NA
b3321	NA
b3322	NA
b3323	NA
b3324	NA
b3325	NA
b3326	NA
b3327	NA
b3328	NA
b3329	NA
b3330	NA
b3331	NA
b3332	NA
b3333	NA
b3334	NA
b3335	NA
b3336	NA
b3337	NA
b3338	NA
b3339	NA
b3340	NA
b3341	NA
b3342	NA
b3343	NA
b3344	NA
b3345	NA
b3346	NA
b3347	NA
b3348	NA
b3349	NA
b3350	NA
b3351	NA
b3352	NA
b3353	NA
b3354	NA
b3355	NA
b3356	NA
b3357	NA
b3358	NA
b3359	NA
b3360	NA
b3361	NA
b3362	NA
b3363	NA
b3364	NA
b3365	NA
b3366	NA
b3367	NA
b3368	NA
b3369	NA
b3370	NA
b3371	NA
b3374	NA
b3375	NA
b3376	NA
b3377	NA
b3378	NA
b3379	NA
b3380	NA
b3381	NA
b3382	NA
b3383	NA
b3384	NA
b3385	NA
b3386	NA
b3387	NA
b3388	NA
b3389	NA
b3390	NA
b3391	NA
b3392	NA
b3393	NA
b3394	NA
b3395	NA
b3396	NA
b3397	NA
b3398	NA
b3399	NA
b3400	NA
b3401	NA
b3402	NA
b3403	NA
b3404	NA
b3405	NA
b3406	NA
b3407	NA
b3408	NA
b3409	NA
b3410	NA
b3411	NA
b3412	NA
b3413	NA
b3414	NA
b3415	NA
b3416	NA
b3417	NA
b3418	NA
b3421	NA
b3422	NA
b3423	NA
b3424	NA
b3425	NA
b3426	NA
b3427	NA
b3428	NA
b3429	NA
b3430	NA
b3431	NA
b3432	NA
b3433	NA
b3434	NA
b3437	NA
b3438	NA
b3439	NA
b3440	NA
b3441	NA
b3442	NA
b3443	NA
b3444	NA
b3445	NA
b3446	NA
b3447	NA
b3448	NA
b3449	NA
b3450	NA
b3451	NA
b3452	NA
b3453	NA
b3454	NA
b3455	NA
b3456	NA
b3457	NA
b3458	NA
b3459	NA
b3460	NA
b3461	NA
b3462	NA
b3463	NA
b3464	NA
b3465	NA
b3466	NA
b3467	NA
b3468	NA
b3469	NA
b3470	NA
b3471	NA
b3472	NA
b3473	NA
b3474	NA
b3475	NA
b3476	NA
b3477	NA
b3478	NA
b3479	NA
b3480	NA
b3481	NA
b3482	NA
b3483	NA
b3484	NA
b3485	NA
b3486	NA
b3487	NA
b3488	NA
b3491	NA
b3492	NA
b3493	NA
b3494	NA
b3495	NA
b3496	NA
b3497	NA
b3498	NA
b3499	NA
b3500	NA
b3501	NA
b3502	NA
b3503	NA
b3504	NA
b3505	NA
b3506	NA
b3507	NA
b3508	NA
b3509	NA
b3510	NA
b3511	NA
b3512	NA
b3513	NA
b3514	NA
b3515	NA
b3516	NA
b3517	NA
b3518	NA
b3519	NA
b3520	NA
b3521	NA
b3522	NA
b3523	NA
b3524	NA
b3525	NA
b3526	NA
b3527	NA
b3528	NA
b3529	NA
b3530	NA
b3531	NA
b3532	NA
b3533	NA
b3534	NA
b3535	NA
b3536	NA
b3537	NA
b3538	NA
b3539	NA
b3540	NA
b3541	NA
b3542	NA
b3543	NA
b3544	NA
b3546	NA
b3547	NA
b3548	NA
b3549	NA
b3550	NA
b3551	NA
b3552	NA
b3553	NA
b3554	NA
b3555	NA
b3556	NA
b3557	NA
b3558	NA
b3559	NA
b3560	NA
b3561	NA
b3562	NA
b3563	NA
b3564	NA
b3565	NA
b3566	NA
b3567	NA
b3568	NA
b3569	NA
b3570	NA
b3571	NA
b3572	NA
b3573	NA
b3574	NA
b3575	NA
b3576	NA
b3577	NA
b3578	NA
b3579	NA
b3580	NA
b3581	NA
b3582	NA
b3583	NA
b3584	NA
b3585	NA
b3586	NA
b3587	NA
b3588	NA
b3589	NA
b3590	NA
b3591	NA
b3592	NA
b3593	NA
b3594	NA
b3595	NA
b3596	NA
b3597	NA
b3598	NA
b3599	NA
b3600	NA
b3601	NA
b3602	NA
b3603	NA
b3604	NA
b3605	NA
b3606	NA
b3607	NA
b3608	NA
b3609	NA
b3610	NA
b3611	NA
b3612	NA
b3613	NA
b3614	NA
b3615	NA
b3616	NA
b3617	NA
b3618	NA
b3619	NA
b3620	NA
b3621	NA
b3622	NA
b3623	NA
b3624	NA
b3625	NA
b3626	NA
b3627	NA
b3628	NA
b3629	NA
b3630	NA
b3631	NA
b3632	NA
b3633	NA
b3634	NA
b3635	NA
b3636	NA
b3637	NA
b3638	NA
b3639	NA
b3640	NA
b3641	NA
b3642	NA
b3643	NA
b3644	NA
b3645	NA
b3646	NA
b3647	NA
b3648	NA
b3649	NA
b3650	NA
b3651	NA
b3652	ATP-binding
b3652	DNA damage
b3652	DNA recombination
b3652	DNA repair
b3652	DNA-binding
b3652	Helicase
b3652	Hydrolase
b3652	Nucleotide-binding
b3652	Reference proteome
b3653	NA
b3654	NA
b3655	NA
b3656	NA
b3657	NA
b3659	NA
b3660	NA
b3661	NA
b3662	NA
b3663	NA
b3664	NA
b3665	NA
b3666	NA
b3667	NA
b3668	NA
b3669	NA
b3670	NA
b3671	NA
b3672	NA
b3673	NA
b3674	NA
b3675	NA
b3676	NA
b3677	NA
b3678	NA
b3679	NA
b3680	NA
b3682	NA
b3683	NA
b3684	NA
b3685	NA
b3686	NA
b3687	NA
b3688	NA
b3689	NA
b3690	NA
b3691	NA
b3693	NA
b3696	NA
b3697	NA
b3698	NA
b3699	NA
b3700	NA
b3701	3D-structure
b3701	Alternative promoter usage
b3701	Cytoplasm
b3701	DNA replication
b3701	DNA-binding
b3701	DNA-directed DNA polymerase
b3701	Nucleotidyltransferase
b3701	Reference proteome
b3701	Transferase
b3702	3D-structure
b3702	ATP-binding
b3702	Acetylation
b3702	Cytoplasm
b3702	DNA replication
b3702	DNA replication inhibitor
b3702	DNA-binding
b3702	Nucleotide-binding
b3702	Reference proteome
b3702	Repressor
b3702	Transcription
b3702	Transcription regulation
b3703	NA
b3704	NA
b3705	NA
b3706	NA
b3707	NA
b3708	NA
b3709	NA
b3710	NA
b3711	NA
b3712	NA
b3713	NA
b3714	NA
b3715	NA
b3716	NA
b3717	NA
b3718	NA
b3719	NA
b3720	NA
b3721	NA
b3722	NA
b3723	NA
b3724	NA
b3725	NA
b3726	NA
b3727	NA
b3728	NA
b3729	NA
b3730	NA
b3731	NA
b3732	NA
b3733	NA
b3734	NA
b3735	NA
b3736	NA
b3737	NA
b3738	NA
b3739	NA
b3740	NA
b3741	NA
b3742	NA
b3743	NA
b3744	NA
b3745	NA
b3746	NA
b3747	NA
b3748	NA
b3749	NA
b3750	NA
b3751	NA
b3752	NA
b3753	NA
b3754	NA
b3755	NA
b3764	NA
b3765	NA
b3766	NA
b3769	NA
b3770	NA
b3771	NA
b3772	NA
b3773	NA
b3774	NA
b3775	NA
b3777	NA
b3778	3D-structure
b3778	ATP-binding
b3778	DNA replication
b3778	DNA-binding
b3778	Helicase
b3778	Hydrolase
b3778	Nucleotide-binding
b3778	Reference proteome
b3779	3D-structure
b3779	Hydrolase
b3779	Reference proteome
b3780	ATP-binding
b3780	Cytoplasm
b3780	Direct protein sequencing
b3780	Helicase
b3780	Hydrolase
b3780	Nucleotide-binding
b3780	RNA-binding
b3780	Reference proteome
b3781	NA
b3782	NA
b3783	3D-structure
b3783	ATP-binding
b3783	Direct protein sequencing
b3783	Helicase
b3783	Hydrolase
b3783	Nucleotide-binding
b3783	RNA-binding
b3783	Reference proteome
b3783	Transcription
b3783	Transcription regulation
b3783	Transcription termination
b3784	NA
b3785	NA
b3786	NA
b3787	NA
b3788	NA
b3789	NA
b3790	NA
b3791	NA
b3792	NA
b3793	NA
b3794	NA
b3795	NA
b3800	NA
b3801	NA
b3802	NA
b3803	NA
b3804	NA
b3805	NA
b3806	NA
b3807	NA
b3808	NA
b3809	NA
b3810	NA
b3811	NA
b3812	NA
b3813	3D-structure
b3813	ATP-binding
b3813	DNA damage
b3813	DNA repair
b3813	DNA replication
b3813	DNA-binding
b3813	Direct protein sequencing
b3813	Helicase
b3813	Hydrolase
b3813	Nucleotide-binding
b3813	Reference proteome
b3813	SOS response
b3816	NA
b3817	NA
b3818	NA
b3819	NA
b3820	NA
b3821	NA
b3822	3D-structure
b3822	ATP-binding
b3822	DNA damage
b3822	DNA recombination
b3822	DNA repair
b3822	DNA-binding
b3822	Direct protein sequencing
b3822	Helicase
b3822	Hydrolase
b3822	Nucleotide-binding
b3822	Reference proteome
b3822	SOS response
b3823	NA
b3824	NA
b3825	NA
b3826	NA
b3827	NA
b3828	NA
b3829	NA
b3830	NA
b3831	NA
b3832	NA
b3833	NA
b3834	NA
b3835	NA
b3836	NA
b3838	NA
b3839	NA
b3842	NA
b3843	NA
b3844	NA
b3845	NA
b3846	NA
b3847	NA
b3848	NA
b3849	NA
b3850	NA
b3856	NA
b3857	NA
b3858	NA
b3859	NA
b3860	NA
b3861	NA
b3862	NA
b3863	NA
b3865	NA
b3866	NA
b3867	NA
b3868	NA
b3869	NA
b3870	NA
b3871	3D-structure
b3871	Chaperone
b3871	Cytoplasm
b3871	Direct protein sequencing
b3871	GTP-binding
b3871	Hydrolase
b3871	Nucleotide-binding
b3871	RNA-binding
b3871	Reference proteome
b3871	Ribosome biogenesis
b3871	rRNA-binding
b3871	tRNA-binding
b3872	NA
b3873	NA
b3874	NA
b3875	NA
b3876	NA
b3877	NA
b3878	NA
b3879	NA
b3880	NA
b3881	NA
b3882	NA
b3883	NA
b3884	NA
b3885	NA
b3886	NA
b3887	NA
b3888	NA
b3889	NA
b3890	NA
b3891	NA
b3892	NA
b3893	NA
b3894	NA
b3895	NA
b3896	NA
b3897	NA
b3898	NA
b3899	NA
b3900	NA
b3901	NA
b3902	NA
b3903	NA
b3904	NA
b3905	NA
b3906	NA
b3907	NA
b3908	NA
b3909	NA
b3910	NA
b3911	NA
b3912	NA
b3915	NA
b3916	NA
b3917	NA
b3918	NA
b3919	NA
b3920	NA
b3921	NA
b3922	NA
b3923	NA
b3924	NA
b3925	NA
b3926	NA
b3927	NA
b3928	NA
b3929	3D-structure
b3929	Cytoplasm
b3929	Reference proteome
b3930	NA
b3931	NA
b3932	NA
b3933	NA
b3934	NA
b3935	3D-structure
b3935	ATP-binding
b3935	DNA replication
b3935	DNA-binding
b3935	Direct protein sequencing
b3935	Helicase
b3935	Hydrolase
b3935	Metal-binding
b3935	Nucleotide-binding
b3935	Primosome
b3935	Reference proteome
b3935	Zinc
b3935	Zinc-finger
b3936	NA
b3937	NA
b3938	NA
b3939	NA
b3940	NA
b3941	NA
b3942	NA
b3943	NA
b3944	NA
b3945	NA
b3946	NA
b3947	NA
b3949	NA
b3950	NA
b3951	NA
b3952	NA
b3953	NA
b3954	NA
b3955	NA
b3956	NA
b3957	NA
b3958	NA
b3959	NA
b3960	NA
b3961	NA
b3962	NA
b3963	NA
b3964	NA
b3965	NA
b3966	NA
b3967	NA
b3972	NA
b3973	NA
b3974	NA
b3980	NA
b3981	NA
b3982	NA
b3983	NA
b3984	NA
b3985	NA
b3986	NA
b3987	NA
b3988	NA
b3989	NA
b3990	NA
b3991	NA
b3992	NA
b3993	NA
b3994	NA
b3995	NA
b3996	NA
b3997	NA
b3998	NA
b3999	NA
b4000	NA
b4001	NA
b4002	NA
b4003	NA
b4004	NA
b4005	NA
b4006	NA
b4011	NA
b4012	NA
b4013	NA
b4014	NA
b4015	NA
b4016	NA
b4017	NA
b4018	NA
b4019	NA
b4020	NA
b4021	NA
b4022	NA
b4023	NA
b4024	NA
b4025	NA
b4026	NA
b4027	NA
b4028	NA
b4029	NA
b4030	NA
b4031	NA
b4032	NA
b4033	NA
b4034	NA
b4035	NA
b4036	NA
b4037	NA
b4038	NA
b4039	NA
b4040	NA
b4041	NA
b4042	NA
b4043	NA
b4044	NA
b4045	NA
b4046	NA
b4047	NA
b4048	NA
b4049	NA
b4050	NA
b4051	NA
b4052	3D-structure
b4052	ATP-binding
b4052	DNA replication
b4052	DNA-binding
b4052	Helicase
b4052	Hydrolase
b4052	Nucleotide-binding
b4052	Primosome
b4052	Reference proteome
b4053	NA
b4054	NA
b4055	NA
b4056	NA
b4057	NA
b4058	NA
b4059	3D-structure
b4059	DNA damage
b4059	DNA recombination
b4059	DNA repair
b4059	DNA replication
b4059	DNA-binding
b4059	Direct protein sequencing
b4059	Phosphoprotein
b4059	Reference proteome
b4060	NA
b4061	NA
b4062	NA
b4063	NA
b4064	NA
b4065	NA
b4066	NA
b4067	NA
b4068	NA
b4069	NA
b4070	NA
b4071	NA
b4072	NA
b4073	NA
b4074	NA
b4075	NA
b4076	NA
b4077	NA
b4078	NA
b4079	NA
b4080	NA
b4081	NA
b4082	NA
b4083	NA
b4084	NA
b4085	NA
b4086	NA
b4087	NA
b4088	NA
b4089	NA
b4090	NA
b4092	NA
b4093	NA
b4094	NA
b4095	NA
b4096	NA
b4097	NA
b4098	NA
b4099	NA
b4100	NA
b4101	NA
b4102	NA
b4103	NA
b4104	NA
b4105	NA
b4106	NA
b4107	NA
b4108	NA
b4109	NA
b4110	NA
b4111	NA
b4112	NA
b4113	NA
b4114	NA
b4115	NA
b4116	NA
b4117	NA
b4118	NA
b4119	NA
b4120	NA
b4121	NA
b4122	NA
b4123	NA
b4124	NA
b4125	NA
b4126	NA
b4127	NA
b4128	NA
b4129	NA
b4130	NA
b4131	NA
b4132	NA
b4133	NA
b4135	NA
b4136	NA
b4137	NA
b4138	NA
b4139	NA
b4140	NA
b4141	NA
b4142	NA
b4143	NA
b4144	NA
b4145	NA
b4146	NA
b4147	NA
b4148	NA
b4149	NA
b4150	NA
b4151	NA
b4152	NA
b4153	NA
b4154	NA
b4155	NA
b4156	NA
b4157	NA
b4158	NA
b4159	NA
b4160	NA
b4161	NA
b4162	NA
b4166	NA
b4167	NA
b4168	NA
b4169	NA
b4170	3D-structure
b4170	ATP-binding
b4170	DNA damage
b4170	DNA repair
b4170	Nucleotide-binding
b4170	Reference proteome
b4171	NA
b4172	NA
b4173	NA
b4174	NA
b4175	NA
b4176	NA
b4177	NA
b4178	NA
b4179	Acetylation
b4179	Cytoplasm
b4179	Direct protein sequencing
b4179	Exonuclease
b4179	Hydrolase
b4179	Nuclease
b4179	RNA-binding
b4179	Reference proteome
b4179	Stress response
b4179	Virulence
b4180	NA
b4181	NA
b4182	NA
b4183	NA
b4184	NA
b4185	NA
b4186	NA
b4187	NA
b4188	NA
b4189	NA
b4190	NA
b4191	NA
b4192	NA
b4193	NA
b4194	NA
b4195	NA
b4196	NA
b4197	NA
b4198	NA
b4199	NA
b4200	NA
b4201	NA
b4202	NA
b4203	NA
b4204	NA
b4205	NA
b4206	NA
b4207	NA
b4208	NA
b4209	NA
b4210	NA
b4211	NA
b4212	NA
b4213	NA
b4214	NA
b4215	NA
b4216	NA
b4217	NA
b4218	NA
b4219	NA
b4220	NA
b4221	NA
b4222	NA
b4223	NA
b4224	NA
b4225	NA
b4226	NA
b4227	NA
b4230	NA
b4231	NA
b4232	NA
b4233	NA
b4234	NA
b4235	NA
b4237	NA
b4238	NA
b4239	NA
b4240	NA
b4241	NA
b4242	NA
b4243	NA
b4244	NA
b4245	NA
b4246	NA
b4248	NA
b4249	NA
b4251	NA
b4252	NA
b4253	NA
b4254	NA
b4255	NA
b4256	NA
b4257	NA
b4258	NA
b4259	3D-structure
b4259	DNA replication
b4259	DNA-directed DNA polymerase
b4259	Direct protein sequencing
b4259	Nucleotidyltransferase
b4259	Reference proteome
b4259	Transferase
b4260	NA
b4261	NA
b4262	NA
b4263	NA
b4264	NA
b4265	NA
b4266	NA
b4267	NA
b4268	NA
b4269	NA
b4271	NA
b4272	NA
b4273	NA
b4274	NA
b4277	NA
b4278	NA
b4279	NA
b4280	NA
b4281	NA
b4282	NA
b4283	NA
b4284	NA
b4285	NA
b4286	NA
b4287	NA
b4288	NA
b4289	NA
b4290	NA
b4291	NA
b4292	NA
b4293	NA
b4294	NA
b4295	NA
b4296	NA
b4297	NA
b4298	NA
b4299	NA
b4300	NA
b4301	NA
b4302	NA
b4303	NA
b4304	NA
b4305	NA
b4306	NA
b4307	NA
b4308	NA
b4309	NA
b4310	NA
b4311	NA
b4312	NA
b4313	NA
b4314	NA
b4315	NA
b4316	NA
b4317	NA
b4318	NA
b4319	NA
b4320	NA
b4321	NA
b4322	NA
b4323	NA
b4324	NA
b4325	NA
b4326	NA
b4327	NA
b4328	NA
b4329	NA
b4330	NA
b4331	NA
b4332	NA
b4333	NA
b4334	NA
b4335	NA
b4336	NA
b4337	NA
b4338	NA
b4339	NA
b4340	NA
b4341	NA
b4342	NA
b4345	NA
b4346	NA
b4347	NA
b4348	NA
b4349	NA
b4350	ATP-binding
b4350	Coiled coil
b4350	DNA-binding
b4350	Helicase
b4350	Host-virus interaction
b4350	Hydrolase
b4350	Nucleotide-binding
b4350	Reference proteome
b4350	Restriction system
b4351	NA
b4352	NA
b4353	NA
b4354	NA
b4355	NA
b4356	NA
b4357	NA
b4358	NA
b4359	NA
b4360	NA
b4361	NA
b4362	NA
b4363	NA
b4364	NA
b4365	NA
b4366	NA
b4367	NA
b4371	NA
b4372	3D-structure
b4372	DNA replication
b4372	DNA-directed DNA polymerase
b4372	Nucleotidyltransferase
b4372	Reference proteome
b4372	Transferase
b4373	NA
b4374	NA
b4375	NA
b4376	NA
b4377	NA
b4378	NA
b4379	NA
b4380	NA
b4381	NA
b4382	NA
b4383	NA
b4384	NA
b4385	NA
b4386	NA
b4387	NA
b4388	NA
b4389	NA
b4390	NA
b4391	NA
b4392	NA
b4393	NA
b4394	NA
b4395	NA
b4396	NA
b4397	NA
b4398	NA
b4399	NA
b4400	NA
b4401	NA
b4402	NA
b4403	NA
b4406	NA
b4407	NA
b4409	NA
b4410	NA
b4411	NA
b4412	NA
b4415	NA
b4419	NA
b4421	NA
b4423	NA
b4428	NA
b4453	NA
b4455	NA
b4460	NA
b4461	NA
b4462	NA
b4463	NA
b4464	NA
b4465	NA
b4466	NA
b4467	NA
b4468	NA
b4469	NA
b4470	NA
b4471	NA
b4472	NA
b4473	NA
b4474	NA
b4475	NA
b4476	NA
b4477	NA
b4478	NA
b4479	NA
b4480	NA
b4481	NA
b4482	NA
b4483	NA
b4484	NA
b4485	NA
b4486	NA
b4487	NA
b4488	NA
b4490	NA
b4492	NA
b4494	NA
b4496	NA
b4497	NA
b4498	NA
b4500	NA
b4501	NA
b4502	NA
b4503	NA
b4504	NA
b4505	NA
b4506	NA
b4508	NA
b4509	NA
b4510	NA
b4511	NA
b4512	NA
b4513	NA
b4514	NA
b4515	NA
b4516	NA
b4517	NA
b4518	NA
b4520	NA
b4521	NA
b4522	NA
b4523	NA
b4524	NA
b4525	NA
b4526	NA
b4527	NA
b4528	NA
b4529	NA
b4532	NA
b4533	NA
b4534	NA
b4535	NA
b4536	NA
b4537	NA
b4538	NA
b4539	NA
b4541	NA
b4542	NA
b4543	NA
b4544	NA
b4545	NA
b4546	NA
b4547	NA
b4548	NA
b4550	NA
b4551	NA
b4553	NA
b4554	NA
b4555	NA
b4556	NA
b4557	NA
b4558	NA
b4559	NA
b4565	NA
b4566	NA
b4567	NA
b4568	NA
b4569	NA
b4570	NA
b4571	NA
b4572	NA
b4573	NA
b4575	NA
b4579	NA
b4580	NA
b4581	NA
b4581	NA
b4582	NA
b4586	NA
b4588	NA
b4589	NA
b4592	NA
b4593	NA
b4594	NA
b4595	NA
b4596	NA
b4598	NA
b4599	NA
b4601	NA
b4602	NA
b4604	NA
b4605	NA
b4606	NA
b4610	NA
b4612	NA
b4613	NA
b4615	NA
b4618	NA
b4620	NA
b4621	NA
b4622	NA
b4636	NA
b4637	NA
b4644	NA
b4655	NA
b4658	NA
b4659	NA
b4660	NA
b4661	NA
b4662	NA
b4663	NA
b4664	NA
b4665	NA
b4666	NA
b4667	NA
b4668	NA
b4669	NA
b4670	NA
b4671	NA
b4672	NA
b4673	NA
b4674	NA
b4675	NA
b4676	NA
b4677	NA
b4678	NA
b4679	NA
b4680	NA
b4682	NA
b4683	NA
b4684	NA
b4685	NA
b4686	NA
b4687	NA
b4688	NA
b4689	NA
b4695	NA
b4702	NA
b4703	NA
b4705	NA
b4706	NA
b4709	NA
b4710	NA
b4711	NA
b4715	NA
b4720	NA
b4721	NA
b4722	NA
b4723	NA
b4724	NA
b4725	NA
b4726	NA
b4727	NA
b4728	NA
b4729	NA
b4730	NA
b4731	NA
b4732	NA
b4733	NA
b4734	NA
b4735	NA
b4736	NA
b4737	NA
b4738	NA
b4739	NA
b4740	NA
b4741	NA
b4742	NA
b4743	NA
b4744	NA
b4745	NA
b4746	NA
b4747	NA
b4748	NA
b4749	NA
b4750	NA
b4751	NA
b4752	NA
b4753	NA
b4754	NA
b4755	NA
b4756	NA
b4757	NA
b4765	NA
b4766	NA
b4767	NA
b4768	NA
b4769	NA
b4770	NA
b4771	NA
b4772	NA
b4773	NA
b4774	NA
b4775	NA
b4776	NA
b4777	NA
b4778	NA
b4779	NA
b4780	NA
b4781	NA
b4782	NA
b4783	NA
b4784	NA
b4785	NA
b4786	NA
b4787	NA
b4788	NA
b4789	NA
b4790	NA
b4791	NA
b4792	NA
b4793	NA
b4794	NA
b4795	NA
b4796	NA
b4797	NA
b4798	NA
b4799	NA
b4800	NA
b4801	NA
b4802	NA
b4803	NA
b4812	NA
